timestamp,value
14/02/2014 14:27,51.846
14/02/2014 14:27,44.508
14/02/2014 14:27,41.244
14/02/2014 14:27,48.568
14/02/2014 14:27,46.714
14/02/2014 14:27,44.986
14/02/2014 14:27,49.108
14/02/2014 14:27,40.47
14/02/2014 14:27,53.404
14/02/2014 14:27,45.4
14/02/2014 14:27,43.216
14/02/2014 14:27,49.72
14/02/2014 14:27,46.37
14/02/2014 14:27,43.756
14/02/2014 14:27,47.582
14/02/2014 14:27,40.738
14/02/2014 14:27,51.216
14/02/2014 14:27,46.314
14/02/2014 14:27,45
14/02/2014 14:27,50.224
14/02/2014 14:27,48.096
14/02/2014 14:27,43.544
14/02/2014 14:27,48.85
14/02/2014 14:27,40.942
14/02/2014 14:27,52.586
14/02/2014 14:27,45.802
14/02/2014 14:27,43.122
14/02/2014 14:27,50.774
14/02/2014 14:27,46.262
14/02/2014 14:27,43.052
14/02/2014 14:27,50.718
14/02/2014 14:27,45.798
14/02/2014 14:27,46.55
14/02/2014 14:27,48.122
14/02/2014 14:27,40.23
14/02/2014 14:27,52.606
14/02/2014 14:27,44.652
14/02/2014 14:27,42.84
14/02/2014 14:27,49.272
14/02/2014 14:27,47.09
14/02/2014 14:27,45.452
14/02/2014 14:27,46.996
14/02/2014 14:27,43.194
14/02/2014 14:27,52.94
14/02/2014 14:27,47.212
14/02/2014 14:27,43.144
14/02/2014 14:27,50.658
14/02/2014 14:27,46.292
14/02/2014 14:27,45.164
14/02/2014 14:27,47.888
14/02/2014 14:27,41.852
14/02/2014 14:27,53.17
14/02/2014 14:27,44.632
14/02/2014 14:27,43.282
14/02/2014 14:27,53.192
14/02/2014 14:27,45.516
14/02/2014 14:27,47.23
14/02/2014 14:27,46.408
14/02/2014 14:27,40.118
14/02/2014 14:27,52.536
14/02/2014 14:27,45.564
14/02/2014 14:27,43.908
14/02/2014 14:27,48.058
14/02/2014 14:27,45.4
14/02/2014 14:27,45.564
14/02/2014 14:27,53.23
14/02/2014 14:27,46.972
14/02/2014 14:27,52.816
14/02/2014 14:27,49.062
14/02/2014 14:27,46.22
14/02/2014 14:27,50.258
14/02/2014 14:27,47.16
14/02/2014 14:27,45.258
14/02/2014 14:27,49.108
14/02/2014 14:27,40.774
14/02/2014 14:27,52.5
14/02/2014 14:27,45.316
14/02/2014 14:27,41.878
14/02/2014 14:27,51.456
14/02/2014 14:27,46.902
14/02/2014 14:27,46.41
14/02/2014 14:27,47.3
14/02/2014 14:27,40.4
14/02/2014 14:27,52.058
14/02/2014 14:27,47.84
14/02/2014 14:27,42.774
14/02/2014 14:27,50.494
14/02/2014 14:27,45.364
14/02/2014 14:27,43.192
14/02/2014 14:27,48.356
14/02/2014 14:27,47.958
14/02/2014 14:27,44.026
14/02/2014 14:27,49.46
14/02/2014 14:27,47.11
14/02/2014 14:27,44.218
14/02/2014 14:27,47.154
14/02/2014 14:27,41.726
14/02/2014 14:27,53.662
14/02/2014 14:27,46.808
14/02/2014 14:27,44.834
14/02/2014 14:27,49.554
14/02/2014 14:27,45.822
14/02/2014 14:27,46.768
14/02/2014 14:27,50.71
14/02/2014 14:27,43.662
14/02/2014 14:27,53.544
14/02/2014 14:27,46.478
14/02/2014 14:27,43.052
14/02/2014 14:27,49.038
14/02/2014 14:27,46.238
14/02/2014 14:27,44.906
14/02/2014 14:27,48.51
14/02/2014 14:27,40.834
14/02/2014 14:27,52.364
14/02/2014 14:27,47.206
14/02/2014 14:27,43.31
14/02/2014 14:27,53.028
14/02/2014 14:27,46.644
14/02/2014 14:27,46.124
14/02/2014 14:27,47.802
14/02/2014 14:27,41.356
14/02/2014 14:27,52.184
14/02/2014 14:27,45.774
14/02/2014 14:27,42.792
14/02/2014 14:27,49.036
14/02/2014 14:27,45.634
14/02/2014 14:27,46.292
14/02/2014 14:27,46.738
14/02/2014 14:27,43.076
14/02/2014 14:27,51.71
14/02/2014 14:27,44.564
14/02/2014 14:27,42.888
14/02/2014 14:27,48.874
14/02/2014 14:27,45.658
14/02/2014 14:27,44.052
14/02/2014 14:27,47.684
14/02/2014 14:27,40.316
14/02/2014 14:27,52.438
14/02/2014 14:27,46.948
14/02/2014 14:27,43.13
14/02/2014 14:27,51.83
14/02/2014 14:27,46.272
14/02/2014 14:27,46.15
14/02/2014 14:27,48.098
14/02/2014 14:27,40.868
14/02/2014 14:27,52.63
14/02/2014 14:27,45.328
14/02/2014 14:27,43.86
14/02/2014 14:27,49.19
14/02/2014 14:27,40.032
14/02/2014 14:27,52.91
14/02/2014 14:27,46.916
14/02/2014 14:27,43.408
14/02/2014 14:27,50.222
14/02/2014 14:27,45.886
14/02/2014 14:27,43.94
14/02/2014 14:27,48.166
14/02/2014 14:27,40.822
14/02/2014 14:27,54.248
14/02/2014 14:27,46.878
14/02/2014 14:27,41.85
14/02/2014 14:27,51.548
14/02/2014 14:27,47.73
14/02/2014 14:27,45.212
14/02/2014 14:27,50.658
14/02/2014 14:27,39.87
14/02/2014 14:27,50.728
14/02/2014 14:27,46.15
14/02/2014 14:27,43.126
14/02/2014 14:27,49.672
14/02/2014 14:27,46.644
14/02/2014 14:27,44.994
14/02/2014 14:27,47.432
14/02/2014 14:27,40.212
14/02/2014 14:27,53.888
14/02/2014 14:27,43.248
14/02/2014 14:27,44.366
14/02/2014 14:27,49.126
14/02/2014 14:27,45.48
14/02/2014 14:27,44.754
14/02/2014 14:27,46.69
14/02/2014 14:27,41.76
14/02/2014 14:27,52.368
14/02/2014 14:27,44.882
14/02/2014 14:27,42.23
14/02/2014 14:27,49.624
14/02/2014 14:27,47.63
14/02/2014 14:27,44.786
14/02/2014 14:27,49.354
14/02/2014 14:27,40.702
14/02/2014 14:27,51.666
14/02/2014 14:27,45
14/02/2014 14:27,43.616
14/02/2014 14:27,50.822
14/02/2014 14:27,44.414
14/02/2014 14:27,44.232
14/02/2014 14:27,48.236
14/02/2014 14:27,41.08
14/02/2014 14:27,53.92
14/02/2014 14:27,46.22
14/02/2014 14:27,43.522
14/02/2014 14:27,49.74
14/02/2014 14:27,43.592
14/02/2014 14:27,41.808
14/02/2014 14:27,49.366
14/02/2014 14:27,45.492
14/02/2014 14:27,44.296
14/02/2014 14:27,49.706
14/02/2014 14:27,40.868
14/02/2014 14:27,51.808
14/02/2014 14:27,48.562
14/02/2014 14:27,41.902
14/02/2014 14:27,53.708
14/02/2014 14:27,46.55
14/02/2014 14:27,41.338
14/02/2014 14:27,48.366
14/02/2014 14:27,41.878
14/02/2014 14:27,52.342
14/02/2014 14:27,46.502
14/02/2014 14:27,42.276
14/02/2014 14:27,50.104
14/02/2014 14:27,45.728
14/02/2014 14:27,45.494
14/02/2014 14:27,48.666
14/02/2014 14:27,48.17
14/02/2014 14:27,44.672
14/02/2014 14:27,45.54
14/02/2014 14:27,40.892
14/02/2014 14:27,50.024
14/02/2014 14:27,45.376
14/02/2014 14:27,42.746
14/02/2014 14:27,48.076
14/02/2014 14:27,46.69
14/02/2014 14:27,44.132
14/02/2014 14:27,49.898
14/02/2014 14:27,40.798
14/02/2014 14:27,53.216
14/02/2014 14:27,45.298
14/02/2014 14:27,41.76
14/02/2014 14:27,48.662
14/02/2014 14:27,45.536
14/02/2014 14:27,45.044
14/02/2014 14:27,48.068
14/02/2014 14:27,41.77
14/02/2014 14:27,51.738
14/02/2014 14:27,47.558
14/02/2014 14:27,43.122
14/02/2014 14:27,50.234
14/02/2014 14:27,47.474
14/02/2014 14:27,43.17
14/02/2014 14:27,47.418
14/02/2014 14:27,39.86
14/02/2014 14:27,51.456
14/02/2014 14:27,44.32
14/02/2014 14:27,42.206
14/02/2014 14:27,49.272
14/02/2014 14:27,46.066
14/02/2014 14:27,45.164
14/02/2014 14:27,49.432
14/02/2014 14:27,40.306
14/02/2014 14:27,53.17
14/02/2014 14:27,45.416
14/02/2014 14:27,42.05
14/02/2014 14:27,50.45
14/02/2014 14:27,47.042
14/02/2014 14:27,44.508
14/02/2014 14:27,47.958
14/02/2014 14:27,41.526
14/02/2014 14:27,52.746
14/02/2014 14:27,45.4
14/02/2014 14:27,44.038
14/02/2014 14:27,50.422
14/02/2014 14:27,47.746
14/02/2014 14:27,43.662
14/02/2014 14:27,48.544
14/02/2014 14:27,40.54
14/02/2014 14:27,51.808
14/02/2014 14:27,46.15
14/02/2014 14:27,42.042
14/02/2014 14:27,48.69
14/02/2014 14:27,45.954
14/02/2014 14:27,45.328
14/02/2014 14:27,48.544
14/02/2014 14:27,40.892
14/02/2014 14:27,55.154
14/02/2014 14:27,43.996
14/02/2014 14:27,43.052
14/02/2014 14:27,48.268
14/02/2014 14:27,44.836
14/02/2014 14:27,45.2
14/02/2014 14:27,47.3
14/02/2014 14:27,40.07
14/02/2014 14:27,51.844
14/02/2014 14:27,47.432
14/02/2014 14:27,43.92
14/02/2014 14:27,50.994
14/02/2014 14:27,48.136
14/02/2014 14:27,44.772
14/02/2014 14:27,49.014
14/02/2014 14:27,40.658
14/02/2014 14:27,51.578
14/02/2014 14:27,47.3
14/02/2014 14:27,41.79
14/02/2014 14:27,52.348
14/02/2014 14:27,44.836
14/02/2014 14:27,44.718
14/02/2014 14:27,49.766
14/02/2014 14:27,40.4
14/02/2014 14:27,53.404
14/02/2014 14:27,45.024
14/02/2014 14:27,42.254
14/02/2014 14:27,49.496
14/02/2014 14:27,46.198
14/02/2014 14:27,44.414
14/02/2014 14:27,45.586
14/02/2014 14:27,45.958
14/02/2014 14:27,44.554
14/02/2014 14:27,47.184
14/02/2014 14:27,43.092
14/02/2014 14:27,53.586
14/02/2014 14:27,47.288
14/02/2014 14:27,43.162
14/02/2014 14:27,49.108
14/02/2014 14:27,46.304
14/02/2014 14:27,43.356
14/02/2014 14:27,48.076
14/02/2014 14:27,39.554
14/02/2014 14:27,52.418
14/02/2014 14:27,46.26
14/02/2014 14:27,42.152
14/02/2014 14:27,52.37
14/02/2014 14:27,45.47
14/02/2014 14:27,46.126
14/02/2014 14:27,46.22
14/02/2014 14:27,40.234
14/02/2014 14:27,52.384
14/02/2014 14:27,45.36
14/02/2014 14:27,43.378
14/02/2014 14:27,48.802
14/02/2014 14:27,40.492
14/02/2014 14:27,53.17
14/02/2014 14:27,46.126
14/02/2014 14:27,43.51
14/02/2014 14:27,50.396
14/02/2014 14:27,48.216
14/02/2014 14:27,44.882
14/02/2014 14:27,47.404
14/02/2014 14:27,41.1
14/02/2014 14:27,52.98
14/02/2014 14:27,43.474
14/02/2014 14:27,41.106
14/02/2014 14:27,48.334
14/02/2014 14:27,46.478
14/02/2014 14:27,43.544
14/02/2014 14:27,50.494
14/02/2014 14:27,41.228
14/02/2014 14:27,54.264
14/02/2014 14:27,45.798
14/02/2014 14:27,42.324
14/02/2014 14:27,50.986
14/02/2014 14:27,46.604
14/02/2014 14:27,45.706
14/02/2014 14:27,48.286
14/02/2014 14:27,40.652
14/02/2014 14:27,53.522
14/02/2014 14:27,45.392
14/02/2014 14:27,45.102
14/02/2014 14:27,49.754
14/02/2014 14:27,48.944
14/02/2014 14:27,44.672
14/02/2014 14:27,47.066
14/02/2014 14:27,41.174
14/02/2014 14:27,52.09
14/02/2014 14:27,45.258
14/02/2014 14:27,42.764
14/02/2014 14:27,48.216
14/02/2014 14:27,46.726
14/02/2014 14:27,44.292
14/02/2014 14:27,49.484
14/02/2014 14:27,40.492
14/02/2014 14:27,54.722
14/02/2014 14:27,45.586
14/02/2014 14:27,41.82
14/02/2014 14:27,48.896
14/02/2014 14:27,46.344
14/02/2014 14:27,45.07
14/02/2014 14:27,45.972
14/02/2014 14:27,40.164
14/02/2014 14:27,51.572
14/02/2014 14:27,44.812
14/02/2014 14:27,46.198
14/02/2014 14:27,48.802
14/02/2014 14:27,48.724
14/02/2014 14:27,45.282
14/02/2014 14:27,46.94
14/02/2014 14:27,40.884
14/02/2014 14:27,53.298
14/02/2014 14:27,44.852
14/02/2014 14:27,43.778
14/02/2014 14:27,47.974
14/02/2014 14:27,46.79
14/02/2014 14:27,44.742
14/02/2014 14:27,49.146
14/02/2014 14:27,41.064
14/02/2014 14:27,52.73
14/02/2014 14:27,46.996
14/02/2014 14:27,42.998
14/02/2014 14:27,49.798
14/02/2014 14:27,40.658
14/02/2014 14:27,52.044
14/02/2014 14:27,46.714
14/02/2014 14:27,41.456
14/02/2014 14:27,52.418
14/02/2014 14:27,44.994
14/02/2014 14:27,45.728
14/02/2014 14:27,48.802
14/02/2014 14:27,51.408
14/02/2014 14:27,48.678
14/02/2014 14:27,47.394
14/02/2014 14:27,41.11
14/02/2014 14:27,53.23
14/02/2014 14:27,49.418
14/02/2014 14:27,43.518
14/02/2014 14:27,49.248
14/02/2014 14:27,45.846
14/02/2014 14:27,47.066
14/02/2014 14:27,47.752
14/02/2014 14:27,42.066
14/02/2014 14:27,51.708
14/02/2014 14:27,45.976
14/02/2014 14:27,43.474
14/02/2014 14:27,46.58
14/02/2014 14:27,38.522
14/02/2014 14:27,52.794
14/02/2014 14:27,44.436
14/02/2014 14:27,41.854
14/02/2014 14:27,51.056
14/02/2014 14:27,46.11
14/02/2014 14:27,46.15
14/02/2014 14:27,50.54
14/02/2014 14:27,48.122
14/02/2014 14:27,44.108
14/02/2014 14:27,47.492
14/02/2014 14:27,41.808
14/02/2014 14:27,56.22
14/02/2014 14:27,45.306
14/02/2014 14:27,43.404
14/02/2014 14:27,50.352
14/02/2014 14:27,47.48
14/02/2014 14:27,44.674
14/02/2014 14:27,49.672
14/02/2014 14:27,40.694
14/02/2014 14:27,54.212
14/02/2014 14:27,46.384
14/02/2014 14:27,41.292
14/02/2014 14:27,52.806
14/02/2014 14:27,46.154
14/02/2014 14:27,42.456
14/02/2014 14:27,49.46
14/02/2014 14:27,46.126
14/02/2014 14:27,45.61
14/02/2014 14:27,46.878
14/02/2014 14:27,42.746
14/02/2014 14:27,53.028
14/02/2014 14:27,47.63
14/02/2014 14:27,41.116
14/02/2014 14:27,49.32
14/02/2014 14:27,46.478
14/02/2014 14:27,45.564
14/02/2014 14:27,47.256
14/02/2014 14:27,40.488
14/02/2014 14:27,52.652
14/02/2014 14:27,44.718
14/02/2014 14:27,42.97
14/02/2014 14:27,51.854
14/02/2014 14:27,46.076
14/02/2014 14:27,45.904
14/02/2014 14:27,47.276
14/02/2014 14:27,41.714
14/02/2014 14:27,52.972
14/02/2014 14:27,44.984
14/02/2014 14:27,43.29
14/02/2014 14:27,49.694
14/02/2014 14:27,45.234
14/02/2014 14:27,45.564
14/02/2014 14:27,46.3
14/02/2014 14:27,43.568
14/02/2014 14:27,52.724
14/02/2014 14:27,46.784
14/02/2014 14:27,42.23
14/02/2014 14:27,50.448
14/02/2014 14:27,46.432
14/02/2014 14:27,43.826
14/02/2014 14:27,49.508
14/02/2014 14:27,45.488
14/02/2014 14:27,45.908
14/02/2014 14:27,45.68
14/02/2014 14:27,40.094
14/02/2014 14:27,54.828
14/02/2014 14:27,45.212
14/02/2014 14:27,44.444
14/02/2014 14:27,47.676
14/02/2014 14:27,39.742
14/02/2014 14:27,50.678
14/02/2014 14:27,46.292
14/02/2014 14:27,42.044
14/02/2014 14:27,52.066
14/02/2014 14:27,45.258
14/02/2014 14:27,43.454
14/02/2014 14:27,48.166
14/02/2014 14:27,41.854
14/02/2014 14:27,49.504
14/02/2014 14:27,47.596
14/02/2014 14:27,40.592
14/02/2014 14:27,50.274
14/02/2014 14:27,45.83
14/02/2014 14:27,42.788
14/02/2014 14:27,47.866
14/02/2014 14:27,41.714
14/02/2014 14:27,52.324
14/02/2014 14:27,46.666
14/02/2014 14:27,42.512
14/02/2014 14:27,51.69
14/02/2014 14:27,46.846
14/02/2014 14:27,45.026
14/02/2014 14:27,48.166
14/02/2014 14:27,40.234
14/02/2014 14:27,52.066
14/02/2014 14:27,46.01
14/02/2014 14:27,41.62
14/02/2014 14:27,49.932
14/02/2014 14:27,45.492
14/02/2014 14:27,43.31
14/02/2014 14:27,48.874
14/02/2014 14:27,48.568
14/02/2014 14:27,44.918
14/02/2014 14:27,48.676
14/02/2014 14:27,39.678
14/02/2014 14:27,52.206
14/02/2014 14:27,44.47
14/02/2014 14:27,42.512
14/02/2014 14:27,48.508
14/02/2014 14:27,45.376
14/02/2014 14:27,46.032
14/02/2014 14:27,47.394
14/02/2014 14:27,39.738
14/02/2014 14:27,53.544
14/02/2014 14:27,45.752
14/02/2014 14:27,44.672
14/02/2014 14:27,48.802
14/02/2014 14:27,39.812
14/02/2014 14:27,50.13
14/02/2014 14:27,46.838
14/02/2014 14:27,40.908
14/02/2014 14:27,51.808
14/02/2014 14:27,42.12
14/02/2014 14:27,42.136
14/02/2014 14:27,48.45
14/02/2014 14:27,48.06
14/02/2014 14:27,43.756
14/02/2014 14:27,49.542
14/02/2014 14:27,39.976
14/02/2014 14:27,52.512
14/02/2014 14:27,44.504
14/02/2014 14:27,42.606
14/02/2014 14:27,48.656
14/02/2014 14:27,46.05
14/02/2014 14:27,45.022
14/02/2014 14:27,48.754
14/02/2014 14:27,39.772
14/02/2014 14:27,54.918
14/02/2014 14:27,45.962
14/02/2014 14:27,44.616
14/02/2014 14:27,48.756
14/02/2014 14:27,46.666
14/02/2014 14:27,43.652
14/02/2014 14:27,46.9
14/02/2014 14:27,39.718
14/02/2014 14:27,52.182
14/02/2014 14:27,45.47
14/02/2014 14:27,41.972
14/02/2014 14:27,46.972
14/02/2014 14:27,46.292
14/02/2014 14:27,42.71
14/02/2014 14:27,50.394
14/02/2014 14:27,40.47
14/02/2014 14:27,51.134
14/02/2014 14:27,44.812
14/02/2014 14:27,41.58
14/02/2014 14:27,50.094
14/02/2014 14:27,46.056
14/02/2014 14:27,43.452
14/02/2014 14:27,48.474
14/02/2014 14:27,40.634
14/02/2014 14:27,53.334
14/02/2014 14:27,46.032
14/02/2014 14:27,43.334
14/02/2014 14:27,49.448
14/02/2014 14:27,46.69
14/02/2014 14:27,44.39
14/02/2014 14:27,45.292
14/02/2014 14:27,40.282
14/02/2014 14:27,50.75
14/02/2014 14:27,48.122
14/02/2014 14:27,41.362
14/02/2014 14:27,50.988
14/02/2014 14:27,46.314
14/02/2014 14:27,43.192
14/02/2014 14:27,50.798
14/02/2014 14:27,45.858
14/02/2014 14:27,44.954
14/02/2014 14:27,46.408
14/02/2014 14:27,40.234
14/02/2014 14:27,52.516
14/02/2014 14:27,44.342
14/02/2014 14:27,42.958
14/02/2014 14:27,47.934
14/02/2014 14:27,45.986
14/02/2014 14:27,47.354
14/02/2014 14:27,48.216
14/02/2014 14:27,42.74
14/02/2014 14:27,51.096
14/02/2014 14:27,45.634
14/02/2014 14:27,42.23
14/02/2014 14:27,50.47
14/02/2014 14:27,44.04
14/02/2014 14:27,44.02
14/02/2014 14:27,48.004
14/02/2014 14:27,40.774
14/02/2014 14:27,52
14/02/2014 14:27,48.356
14/02/2014 14:27,41.01
14/02/2014 14:27,53.38
14/02/2014 14:27,44.132
14/02/2014 14:27,42.972
14/02/2014 14:27,47.888
14/02/2014 14:27,39.918
14/02/2014 14:27,50.868
14/02/2014 14:27,46.574
14/02/2014 14:27,41.46
14/02/2014 14:27,51.808
14/02/2014 14:27,44.248
14/02/2014 14:27,45.282
14/02/2014 14:27,49.484
14/02/2014 14:27,48.826
14/02/2014 14:27,43.462
14/02/2014 14:27,48.38
14/02/2014 14:27,45.822
14/02/2014 14:27,46.22
14/02/2014 14:27,47.31
14/02/2014 14:27,40.37
14/02/2014 14:27,50.164
14/02/2014 14:27,45.54
14/02/2014 14:27,42.276
14/02/2014 14:27,51.388
14/02/2014 14:27,46.808
14/02/2014 14:27,44.566
14/02/2014 14:27,48.17
14/02/2014 14:27,39.954
14/02/2014 14:27,50.61
14/02/2014 14:27,45.156
14/02/2014 14:27,41.502
14/02/2014 14:27,48.754
14/02/2014 14:27,45.188
14/02/2014 14:27,43.92
14/02/2014 14:27,47.254
14/02/2014 14:27,42.652
14/02/2014 14:27,50.302
14/02/2014 14:27,48.872
14/02/2014 14:27,40.27
14/02/2014 14:27,51.76
14/02/2014 14:27,44.414
14/02/2014 14:27,44.092
14/02/2014 14:27,49.218
14/02/2014 14:27,39.694
14/02/2014 14:27,51.104
14/02/2014 14:27,45.98
14/02/2014 14:27,42.332
14/02/2014 14:27,52.91
14/02/2014 14:27,43.968
14/02/2014 14:27,45.14
14/02/2014 14:27,48.516
14/02/2014 14:27,45.826
14/02/2014 14:27,45.158
14/02/2014 14:27,48.012
14/02/2014 14:27,39.86
14/02/2014 14:27,51.67
14/02/2014 14:27,46.444
14/02/2014 14:27,43.678
14/02/2014 14:27,49.622
14/02/2014 14:27,47.652
14/02/2014 14:27,44.062
14/02/2014 14:27,50.54
14/02/2014 14:27,41.31
14/02/2014 14:27,51.448
14/02/2014 14:27,46.066
14/02/2014 14:27,41.564
14/02/2014 14:27,51.386
14/02/2014 14:27,44.668
14/02/2014 14:27,43.662
14/02/2014 14:27,49.272
14/02/2014 14:27,45.024
14/02/2014 14:27,45.822
14/02/2014 14:27,47.05
14/02/2014 14:27,41.708
14/02/2014 14:27,51.996
14/02/2014 14:27,45.962
14/02/2014 14:27,42.464
14/02/2014 14:27,48.352
14/02/2014 14:27,46.194
14/02/2014 14:27,45.282
14/02/2014 14:27,46.174
14/02/2014 14:27,39.95
14/02/2014 14:27,52.384
14/02/2014 14:27,46.778
14/02/2014 14:27,43.78
14/02/2014 14:27,49.812
14/02/2014 14:27,46.22
14/02/2014 14:27,46.432
14/02/2014 14:27,47.23
14/02/2014 14:27,40.54
14/02/2014 14:27,52.582
14/02/2014 14:27,45.258
14/02/2014 14:27,42.65
14/02/2014 14:27,49.93
14/02/2014 14:27,39.648
14/02/2014 14:27,53.804
14/02/2014 14:27,46.62
14/02/2014 14:27,43.486
14/02/2014 14:27,52.888
14/02/2014 14:27,43.85
14/02/2014 14:27,43.51
14/02/2014 14:27,48.372
14/02/2014 14:27,40.352
14/02/2014 14:27,51.138
14/02/2014 14:27,45.07
14/02/2014 14:27,42.668
14/02/2014 14:27,50.868
14/02/2014 14:27,48.586
14/02/2014 14:27,44.062
14/02/2014 14:27,49.372
14/02/2014 14:27,40.132
14/02/2014 14:27,52.982
14/02/2014 14:27,47.006
14/02/2014 14:27,43.544
14/02/2014 14:27,49.39
14/02/2014 14:27,48.708
14/02/2014 14:27,43.756
14/02/2014 14:27,47.84
14/02/2014 14:27,40.846
14/02/2014 14:27,53.17
14/02/2014 14:27,46.894
14/02/2014 14:27,43.82
14/02/2014 14:27,49.872
14/02/2014 14:27,45.07
14/02/2014 14:27,44.468
14/02/2014 14:27,47.136
14/02/2014 14:27,40.962
14/02/2014 14:27,52.99
14/02/2014 14:27,44.788
14/02/2014 14:27,42.442
14/02/2014 14:27,50.07
14/02/2014 14:27,47.664
14/02/2014 14:27,44.414
14/02/2014 14:27,49.214
14/02/2014 14:27,39.958
14/02/2014 14:27,51.482
14/02/2014 14:27,46.432
14/02/2014 14:27,43.662
14/02/2014 14:27,47.768
14/02/2014 14:27,46.174
14/02/2014 14:27,45.188
14/02/2014 14:27,47.414
14/02/2014 14:27,40.842
14/02/2014 14:27,54
14/02/2014 14:27,44.836
14/02/2014 14:27,44.038
14/02/2014 14:27,48.356
14/02/2014 14:27,39.882
14/02/2014 14:27,50.492
14/02/2014 14:27,45.258
14/02/2014 14:27,42.23
14/02/2014 14:27,50.896
14/02/2014 14:27,44.712
14/02/2014 14:27,43.24
14/02/2014 14:27,48.452
14/02/2014 14:27,44.09
14/02/2014 14:27,50.564
14/02/2014 14:27,48.428
14/02/2014 14:27,40.094
14/02/2014 14:27,52.59
14/02/2014 14:27,44.53
14/02/2014 14:27,43.592
14/02/2014 14:27,48.856
14/02/2014 14:27,41.002
14/02/2014 14:27,50.938
14/02/2014 14:27,46.69
14/02/2014 14:27,41.198
14/02/2014 14:27,52.91
14/02/2014 14:27,46.784
14/02/2014 14:27,45.164
14/02/2014 14:27,48.428
14/02/2014 14:27,46.384
14/02/2014 14:27,44.154
14/02/2014 14:27,46.478
14/02/2014 14:27,40.3
14/02/2014 14:27,51.69
14/02/2014 14:27,44.918
14/02/2014 14:27,42.782
14/02/2014 14:27,48.756
14/02/2014 14:27,48.252
14/02/2014 14:27,43.584
14/02/2014 14:27,49.812
14/02/2014 14:27,40.208
14/02/2014 14:27,51.688
14/02/2014 14:27,44.876
14/02/2014 14:27,42.7
14/02/2014 14:27,49.174
14/02/2014 14:27,46.924
14/02/2014 14:27,45.376
14/02/2014 14:27,46.854
14/02/2014 14:27,40.752
14/02/2014 14:27,54.6
14/02/2014 14:27,43.874
14/02/2014 14:27,44.93
14/02/2014 14:27,48.708
14/02/2014 14:27,45.268
14/02/2014 14:27,42.948
14/02/2014 14:27,47.736
14/02/2014 14:27,46.55
14/02/2014 14:27,45.492
14/02/2014 14:27,47.84
14/02/2014 14:27,39.882
14/02/2014 14:27,51.104
14/02/2014 14:27,45.64
14/02/2014 14:27,42.834
14/02/2014 14:27,50.764
14/02/2014 14:27,46.518
14/02/2014 14:27,44.644
14/02/2014 14:27,48.326
14/02/2014 14:27,40.316
14/02/2014 14:27,51.466
14/02/2014 14:27,45.558
14/02/2014 14:27,42.76
14/02/2014 14:27,49.648
14/02/2014 14:27,45.916
14/02/2014 14:27,46.854
14/02/2014 14:27,46.572
14/02/2014 14:27,42.652
14/02/2014 14:27,52.536
14/02/2014 14:27,44.252
14/02/2014 14:27,42.184
14/02/2014 14:27,48.098
14/02/2014 14:27,45.38
14/02/2014 14:27,44.578
14/02/2014 14:27,46.826
14/02/2014 14:27,39.672
14/02/2014 14:27,51.69
14/02/2014 14:27,46.83
14/02/2014 14:27,43.098
14/02/2014 14:27,49.882
14/02/2014 14:27,39.836
14/02/2014 14:27,51.198
14/02/2014 14:27,46.08
14/02/2014 14:27,41.808
14/02/2014 14:27,49.436
14/02/2014 14:27,46.644
14/02/2014 14:27,42.7
14/02/2014 14:27,49.16
14/02/2014 14:27,39.766
14/02/2014 14:27,53.498
14/02/2014 14:27,45.778
14/02/2014 14:27,43.816
14/02/2014 14:27,52.282
14/02/2014 14:27,44.056
14/02/2014 14:27,43.086
14/02/2014 14:27,47.674
14/02/2014 14:27,40.408
14/02/2014 14:27,51.69
14/02/2014 14:27,44.976
14/02/2014 14:27,42.306
14/02/2014 14:27,51.944
14/02/2014 14:27,46.978
14/02/2014 14:27,43.544
14/02/2014 14:27,51.854
14/02/2014 14:27,47.21
14/02/2014 14:27,45.61
14/02/2014 14:27,46.502
14/02/2014 14:27,41.362
14/02/2014 14:27,50.88
14/02/2014 14:27,45.638
14/02/2014 14:27,43.732
14/02/2014 14:27,47.774
14/02/2014 14:27,40.376
14/02/2014 14:27,54.084
14/02/2014 14:27,46.108
14/02/2014 14:27,43.028
14/02/2014 14:27,52.934
14/02/2014 14:27,43.882
14/02/2014 14:27,44.162
14/02/2014 14:27,50.492
14/02/2014 14:27,39.86
14/02/2014 14:27,54.536
14/02/2014 14:27,46.056
14/02/2014 14:27,43.122
14/02/2014 14:27,49.108
14/02/2014 14:27,48.568
14/02/2014 14:27,43.35
14/02/2014 14:27,51.864
14/02/2014 14:27,40.122
14/02/2014 14:27,51.69
14/02/2014 14:27,46.174
14/02/2014 14:27,42.84
14/02/2014 14:27,50.426
14/02/2014 14:27,45.704
14/02/2014 14:27,44.108
14/02/2014 14:27,47.676
14/02/2014 14:27,40.178
14/02/2014 14:27,56.408
14/02/2014 14:27,45.118
14/02/2014 14:27,45.174
14/02/2014 14:27,49.272
14/02/2014 14:27,45.586
14/02/2014 14:27,45.692
14/02/2014 14:27,47.35
14/02/2014 14:27,40.188
14/02/2014 14:27,53.634
14/02/2014 14:27,45.212
14/02/2014 14:27,43.31
14/02/2014 14:27,49.084
14/02/2014 14:27,47.382
14/02/2014 14:27,44.108
14/02/2014 14:27,49.202
14/02/2014 14:27,39.812
14/02/2014 14:27,51.446
14/02/2014 14:27,45.68
14/02/2014 14:27,44.13
14/02/2014 14:27,48.664
14/02/2014 14:27,40.34
14/02/2014 14:27,51.314
14/02/2014 14:27,46.01
14/02/2014 14:27,42.276
14/02/2014 14:27,51.83
14/02/2014 14:27,46.902
14/02/2014 14:27,46.432
14/02/2014 14:27,47.54
14/02/2014 14:27,40.582
14/02/2014 14:27,52.676
14/02/2014 14:27,45.494
14/02/2014 14:27,43.616
14/02/2014 14:27,50.328
14/02/2014 14:27,46.502
14/02/2014 14:27,43.732
14/02/2014 14:27,48.638
14/02/2014 14:27,48.31
14/02/2014 14:27,45.422
14/02/2014 14:27,49.366
14/02/2014 14:27,40.37
14/02/2014 14:27,52.474
14/02/2014 14:27,44.668
14/02/2014 14:27,43.098
14/02/2014 14:27,48.896
14/02/2014 14:27,40.492
14/02/2014 14:27,51.408
14/02/2014 14:27,45.376
14/02/2014 14:27,45.082
14/02/2014 14:27,50.69
14/02/2014 14:27,46.666
14/02/2014 14:27,48.216
14/02/2014 14:27,45.986
14/02/2014 14:27,41.296
14/02/2014 14:27,53.78
14/02/2014 14:27,45.798
14/02/2014 14:27,42.536
14/02/2014 14:27,49.038
14/02/2014 14:27,45.868
14/02/2014 14:27,43.92
14/02/2014 14:27,46.578
14/02/2014 14:27,42.14
14/02/2014 14:27,54.084
14/02/2014 14:27,46.596
14/02/2014 14:27,43.226
14/02/2014 14:27,48.798
14/02/2014 14:27,46.588
14/02/2014 14:27,44.22
14/02/2014 14:27,47.762
14/02/2014 14:27,40.446
14/02/2014 14:27,52.348
14/02/2014 14:27,46.384
14/02/2014 14:27,43.896
14/02/2014 14:27,50.952
14/02/2014 14:27,45.492
14/02/2014 14:27,46.902
14/02/2014 14:27,49.23
14/02/2014 14:27,40.61
14/02/2014 14:27,52.582
14/02/2014 14:27,45.328
14/02/2014 14:27,42.388
14/02/2014 14:27,48.938
14/02/2014 14:27,39.554
14/02/2014 14:27,51.83
14/02/2014 14:27,45.516
14/02/2014 14:27,44.906
14/02/2014 14:27,49.672
14/02/2014 14:27,47.676
14/02/2014 14:27,45.686
14/02/2014 14:27,46.62
14/02/2014 14:27,41.056
14/02/2014 14:27,54.53
14/02/2014 14:27,49.976
14/02/2014 14:27,43.85
14/02/2014 14:27,49.008
14/02/2014 14:27,45.792
14/02/2014 14:27,44.83
14/02/2014 14:27,49.884
14/02/2014 14:27,40.274
14/02/2014 14:27,54.986
14/02/2014 14:27,45.2
14/02/2014 14:27,42.196
14/02/2014 14:27,50.37
14/02/2014 14:27,46.738
14/02/2014 14:27,45.988
14/02/2014 14:27,47.332
14/02/2014 14:27,40.216
14/02/2014 14:27,51.384
14/02/2014 14:27,44.32
14/02/2014 14:27,44.234
14/02/2014 14:27,49.484
14/02/2014 14:27,47.09
14/02/2014 14:27,44.46
14/02/2014 14:27,46.854
14/02/2014 14:27,41.43
14/02/2014 14:27,51.902
14/02/2014 14:27,46.55
14/02/2014 14:27,41.436
14/02/2014 14:27,50.47
14/02/2014 14:27,45.696
14/02/2014 14:27,44.89
14/02/2014 14:27,48.89
14/02/2014 14:27,40.548
14/02/2014 14:27,53.452
14/02/2014 14:27,46.432
14/02/2014 14:27,41.878
14/02/2014 14:27,50.56
14/02/2014 14:27,46.774
14/02/2014 14:27,45.058
14/02/2014 14:27,47.394
14/02/2014 14:27,41.992
14/02/2014 14:27,51.724
14/02/2014 14:27,44.624
14/02/2014 14:27,44.93
14/02/2014 14:27,49.53
14/02/2014 14:27,48.192
14/02/2014 14:27,45.47
14/02/2014 14:27,47.888
14/02/2014 14:27,40.708
14/02/2014 14:27,52.44
14/02/2014 14:27,45.558
14/02/2014 14:27,41.902
14/02/2014 14:27,49.014
14/02/2014 14:27,46.966
14/02/2014 14:27,44.426
14/02/2014 14:27,49.414
14/02/2014 14:27,40.132
14/02/2014 14:27,53.38
14/02/2014 14:27,45.306
14/02/2014 14:27,41.902
14/02/2014 14:27,48.428
14/02/2014 14:27,45.892
14/02/2014 14:27,45.704
14/02/2014 14:27,46.522
14/02/2014 14:27,41.302
14/02/2014 14:27,52.598
14/02/2014 14:27,45.376
14/02/2014 14:27,44.366
14/02/2014 14:27,49.882
14/02/2014 14:27,47.338
14/02/2014 14:27,43.4
14/02/2014 14:27,47.558
14/02/2014 14:27,40.634
14/02/2014 14:27,51.996
14/02/2014 14:27,45.24
14/02/2014 14:27,41.902
14/02/2014 14:27,50
14/02/2014 14:27,45.258
14/02/2014 14:27,44.296
14/02/2014 14:27,50.43
14/02/2014 14:27,39.788
14/02/2014 14:27,53.146
14/02/2014 14:27,45.916
14/02/2014 14:27,41.314
14/02/2014 14:27,52.23
14/02/2014 14:27,44.94
14/02/2014 14:27,43.334
14/02/2014 14:27,49.09
14/02/2014 14:27,45.39
14/02/2014 14:27,43.756
14/02/2014 14:27,48.708
14/02/2014 14:27,42.394
14/02/2014 14:27,53.146
14/02/2014 14:27,46.854
14/02/2014 14:27,44.154
14/02/2014 14:27,48.468
14/02/2014 14:27,40.978
14/02/2014 14:27,53.474
14/02/2014 14:27,45.452
14/02/2014 14:27,43.098
14/02/2014 14:27,49.578
14/02/2014 14:27,40.516
14/02/2014 14:27,52.838
14/02/2014 14:27,47.718
14/02/2014 14:27,42.39
14/02/2014 14:27,51.554
14/02/2014 14:27,47.724
14/02/2014 14:27,43.802
14/02/2014 14:27,49.43
14/02/2014 14:27,40.938
14/02/2014 14:27,53.17
14/02/2014 14:27,45.6
14/02/2014 14:27,43.428
14/02/2014 14:27,49.46
14/02/2014 14:27,44.296
14/02/2014 14:27,45.774
14/02/2014 14:27,49.174
14/02/2014 14:27,48.61
14/02/2014 14:27,45.244
14/02/2014 14:27,46.456
14/02/2014 14:27,40.706
14/02/2014 14:27,52.212
14/02/2014 14:27,44.366
14/02/2014 14:27,43.45
14/02/2014 14:27,47.7
14/02/2014 14:27,40.784
14/02/2014 14:27,53.286
14/02/2014 14:27,46.558
14/02/2014 14:27,44.118
14/02/2014 14:27,51.032
14/02/2014 14:27,41.456
14/02/2014 14:27,51.996
14/02/2014 14:27,46.738
14/02/2014 14:27,42.608
14/02/2014 14:27,48.944
14/02/2014 14:27,46.786
14/02/2014 14:27,44.93
14/02/2014 14:27,47.816
14/02/2014 14:27,40.826
14/02/2014 14:27,53.992
14/02/2014 14:27,47.536
14/02/2014 14:27,44.554
14/02/2014 14:27,49.82
14/02/2014 14:27,45.564
14/02/2014 14:27,43.894
14/02/2014 14:27,49.31
14/02/2014 14:27,41.492
14/02/2014 14:27,51.924
14/02/2014 14:27,46.886
14/02/2014 14:27,42.536
14/02/2014 14:27,50.32
14/02/2014 14:27,48.77
14/02/2014 14:27,43.142
14/02/2014 14:27,51.598
14/02/2014 14:27,46.558
14/02/2014 14:27,45.428
14/02/2014 14:27,47.688
14/02/2014 14:27,40.958
14/02/2014 14:27,52.324
14/02/2014 14:27,45.892
14/02/2014 14:27,43.304
14/02/2014 14:27,47.738
14/02/2014 14:27,46.214
14/02/2014 14:27,47.74
14/02/2014 14:27,48.722
14/02/2014 14:27,43.78
14/02/2014 14:27,52.348
14/02/2014 14:27,46.078
14/02/2014 14:27,41.848
14/02/2014 14:27,50.206
14/02/2014 14:27,46.502
14/02/2014 14:27,44.342
14/02/2014 14:27,50.11
14/02/2014 14:27,40.634
14/02/2014 14:27,52.112
14/02/2014 14:27,46.76
14/02/2014 14:27,42.982
14/02/2014 14:27,51.596
14/02/2014 14:27,46.996
14/02/2014 14:27,44.718
14/02/2014 14:27,47.81
14/02/2014 14:27,40.868
14/02/2014 14:27,52.676
14/02/2014 14:27,47.348
14/02/2014 14:27,43.806
14/02/2014 14:27,49.226
14/02/2014 14:27,41.83
14/02/2014 14:27,54.036
14/02/2014 14:27,46.524
14/02/2014 14:27,43.146
14/02/2014 14:27,52.81
14/02/2014 14:27,46.426
14/02/2014 14:27,43.074
14/02/2014 14:27,49.436
14/02/2014 14:27,45.728
14/02/2014 14:27,44.284
14/02/2014 14:27,48.372
14/02/2014 14:27,39.93
14/02/2014 14:27,52.846
14/02/2014 14:27,47.794
14/02/2014 14:27,43.076
14/02/2014 14:27,50.728
14/02/2014 14:27,41.032
14/02/2014 14:27,52.602
14/02/2014 14:27,48.474
14/02/2014 14:27,41.446
14/02/2014 14:27,49.296
14/02/2014 14:27,45.648
14/02/2014 14:27,45.892
14/02/2014 14:27,47.348
14/02/2014 14:27,40.56
14/02/2014 14:27,55.846
14/02/2014 14:27,45.046
14/02/2014 14:27,45.376
14/02/2014 14:27,48.934
14/02/2014 14:27,46.854
14/02/2014 14:27,45.986
14/02/2014 14:27,47.184
14/02/2014 14:27,40.78
14/02/2014 14:27,50.834
14/02/2014 14:27,46.16
14/02/2014 14:27,43.058
14/02/2014 14:27,49.436
14/02/2014 14:27,49.672
14/02/2014 14:27,44.788
14/02/2014 14:27,48.662
14/02/2014 14:27,40.274
14/02/2014 14:27,53.146
14/02/2014 14:27,45.68
14/02/2014 14:27,43.216
14/02/2014 14:27,49.484
14/02/2014 14:27,40.052
14/02/2014 14:27,52.746
14/02/2014 14:27,44.606
14/02/2014 14:27,42.676
14/02/2014 14:27,51.432
14/02/2014 14:27,46.314
14/02/2014 14:27,45.756
14/02/2014 14:27,47.112
14/02/2014 14:27,40.54
14/02/2014 14:27,51.922
14/02/2014 14:27,45.362
14/02/2014 14:27,43.334
14/02/2014 14:27,48.122
14/02/2014 14:27,41.288
14/02/2014 14:27,51.914
14/02/2014 14:27,46.76
14/02/2014 14:27,44.482
14/02/2014 14:27,49.664
14/02/2014 14:27,48.362
14/02/2014 14:27,45.024
14/02/2014 14:27,46.972
14/02/2014 14:27,40.502
14/02/2014 14:27,53.248
14/02/2014 14:27,45.892
14/02/2014 14:27,44.042
14/02/2014 14:27,49.21
14/02/2014 14:27,46.572
14/02/2014 14:27,44.858
14/02/2014 14:27,48.156
14/02/2014 14:27,41.878
14/02/2014 14:27,53.092
14/02/2014 14:27,50.015
14/02/2014 14:27,54.6033
14/02/2014 14:27,62.056
14/02/2014 14:27,42.086
14/02/2014 14:27,50.822
14/02/2014 14:27,44.53
14/02/2014 14:27,44.132
14/02/2014 14:27,47.184
14/02/2014 14:27,39.86
14/02/2014 14:27,54.058
14/02/2014 14:27,45.508
14/02/2014 14:27,43.874
14/02/2014 14:27,47.536
14/02/2014 14:27,39.394
14/02/2014 14:27,50.916
14/02/2014 14:27,44.32
14/02/2014 14:27,41.18
14/02/2014 14:27,49.22
14/02/2014 14:27,43.572
14/02/2014 14:27,43.714
14/02/2014 14:27,46.972
14/02/2014 14:27,41.55
14/02/2014 14:27,52.422
14/02/2014 14:27,45.312
14/02/2014 14:27,43.76
14/02/2014 14:27,47.652
14/02/2014 14:27,40.092
14/02/2014 14:27,50.51
14/02/2014 14:27,46.526
14/02/2014 14:27,40.884
14/02/2014 14:27,51.378
14/02/2014 14:27,44.248
14/02/2014 14:27,42.934
14/02/2014 14:27,48.296
14/02/2014 14:27,45.774
14/02/2014 14:27,46.88
14/02/2014 14:27,46.65
14/02/2014 14:27,40.044
14/02/2014 14:27,50.54
14/02/2014 14:27,45.258
14/02/2014 14:27,43.09
14/02/2014 14:27,46.62
14/02/2014 14:27,42.934
14/02/2014 14:27,51.706
14/02/2014 14:27,44.204
14/02/2014 14:27,44.624
14/02/2014 14:27,48.944
14/02/2014 14:27,42.09
14/02/2014 14:27,50.822
14/02/2014 14:27,46.33
14/02/2014 14:27,41.586
14/02/2014 14:27,49.432
14/02/2014 14:27,45.342
14/02/2014 14:27,42.794
14/02/2014 14:27,48.194
14/02/2014 14:27,44.808
14/02/2014 14:27,43.968
14/02/2014 14:27,46.702
14/02/2014 14:27,40.952
14/02/2014 14:27,52.184
14/02/2014 14:27,42.042
14/02/2014 14:27,40.586
14/02/2014 14:27,46.55
14/02/2014 14:27,44.366
14/02/2014 14:27,42.91
14/02/2014 14:27,46.016
14/02/2014 14:27,39.612
14/02/2014 14:27,49.648
14/02/2014 14:27,42.95
14/02/2014 14:27,42.136
14/02/2014 14:27,48.92
14/02/2014 14:27,45.704
14/02/2014 14:27,42.816
14/02/2014 14:27,45.422
14/02/2014 14:27,45.046
14/02/2014 14:27,43.226
14/02/2014 14:27,44.178
14/02/2014 14:27,39.954
14/02/2014 14:27,50.374
14/02/2014 14:27,41.854
14/02/2014 14:27,41.614
14/02/2014 14:27,47.558
14/02/2014 14:27,44.312
14/02/2014 14:27,45.846
14/02/2014 14:27,44.084
14/02/2014 14:27,39.672
14/02/2014 14:27,49.414
14/02/2014 14:27,42.226
14/02/2014 14:27,41.878
14/02/2014 14:27,46.738
14/02/2014 14:27,44.154
14/02/2014 14:27,44.038
14/02/2014 14:27,44.208
14/02/2014 14:27,41.818
14/02/2014 14:27,50.372
14/02/2014 14:27,44.836
14/02/2014 14:27,41.408
14/02/2014 14:27,46.62
14/02/2014 14:27,44.144
14/02/2014 14:27,43.92
14/02/2014 14:27,44.836
14/02/2014 14:27,39.812
14/02/2014 14:27,51.012
14/02/2014 14:27,43.262
14/02/2014 14:27,42.474
14/02/2014 14:27,48.968
14/02/2014 14:27,42.488
14/02/2014 14:27,42.326
14/02/2014 14:27,45.846
14/02/2014 14:27,44.014
14/02/2014 14:27,43.758
14/02/2014 14:27,45.374
14/02/2014 14:27,39.34
14/02/2014 14:27,51.142
14/02/2014 14:27,41.01
14/02/2014 14:27,39.882
14/02/2014 14:27,48.638
14/02/2014 14:27,45.306
14/02/2014 14:27,41.55
14/02/2014 14:27,47.068
14/02/2014 14:27,43.522
14/02/2014 14:27,43.522
14/02/2014 14:27,45.376
14/02/2014 14:27,39.906
14/02/2014 14:27,50.012
14/02/2014 14:27,42.746
14/02/2014 14:27,42.112
14/02/2014 14:27,45.916
14/02/2014 14:27,44.418
14/02/2014 14:27,45.174
14/02/2014 14:27,45.54
14/02/2014 14:27,41.064
14/02/2014 14:27,49.154
14/02/2014 14:27,43.048
14/02/2014 14:27,40.586
14/02/2014 14:27,47.112
14/02/2014 14:27,43.756
14/02/2014 14:27,42.676
14/02/2014 14:27,45.798
14/02/2014 14:27,39.112
14/02/2014 14:27,49.164
14/02/2014 14:27,44.788
14/02/2014 14:27,41.572
14/02/2014 14:27,48.498
14/02/2014 14:27,44.126
14/02/2014 14:27,42.09
14/02/2014 14:27,46.052
14/02/2014 14:27,43.91
14/02/2014 14:27,43.756
14/02/2014 14:27,44.86
14/02/2014 14:27,39.79
14/02/2014 14:27,49.86
14/02/2014 14:27,43.292
14/02/2014 14:27,42.88
14/02/2014 14:27,48.634
14/02/2014 14:27,45.798
14/02/2014 14:27,42.23
14/02/2014 14:27,44.686
14/02/2014 14:27,43.988
14/02/2014 14:27,43.874
14/02/2014 14:27,43.796
14/02/2014 14:27,40.14
14/02/2014 14:27,49.866
14/02/2014 14:27,42.816
14/02/2014 14:27,40.86
14/02/2014 14:27,48.31
14/02/2014 14:27,45.328
14/02/2014 14:27,44.46
14/02/2014 14:27,45.366
14/02/2014 14:27,39.882
14/02/2014 14:27,49.766
14/02/2014 14:27,42.498
14/02/2014 14:27,40.646
14/02/2014 14:27,48.616
14/02/2014 14:27,44.836
14/02/2014 14:27,42.324
14/02/2014 14:27,45.986
14/02/2014 14:27,46.292
14/02/2014 14:27,43.766
14/02/2014 14:27,47.244
14/02/2014 14:27,45.586
14/02/2014 14:27,44.738
14/02/2014 14:27,45.462
14/02/2014 14:27,44.46
14/02/2014 14:27,43.89
14/02/2014 14:27,44.788
14/02/2014 14:27,39.718
14/02/2014 14:27,50.586
14/02/2014 14:27,42.166
14/02/2014 14:27,43.262
14/02/2014 14:27,44.29
14/02/2014 14:27,45.986
14/02/2014 14:27,42.21
14/02/2014 14:27,46.39
14/02/2014 14:27,45.148
14/02/2014 14:27,43.896
14/02/2014 14:27,43.99
14/02/2014 14:27,45.586
14/02/2014 14:27,44.554
14/02/2014 14:27,45.986
14/02/2014 14:27,39.596
14/02/2014 14:27,50.212
14/02/2014 14:27,44.108
14/02/2014 14:27,41.996
14/02/2014 14:27,50.646
14/02/2014 14:27,42.066
14/02/2014 14:27,44.484
14/02/2014 14:27,48.508
14/02/2014 14:27,44.86
14/02/2014 14:27,43.292
14/02/2014 14:27,46.22
14/02/2014 14:27,44.756
14/02/2014 14:27,42.77
14/02/2014 14:27,46.69
14/02/2014 14:27,39.342
14/02/2014 14:27,49.766
14/02/2014 14:27,43.192
14/02/2014 14:27,40.586
14/02/2014 14:27,46.482
14/02/2014 14:27,43.716
14/02/2014 14:27,42.066
14/02/2014 14:27,45.328
14/02/2014 14:27,39.626
14/02/2014 14:27,49.178
14/02/2014 14:27,43.31
14/02/2014 14:27,42.16
14/02/2014 14:27,46.666
14/02/2014 14:27,45.528
14/02/2014 14:27,40.376
14/02/2014 14:27,45.962
14/02/2014 14:27,43.674
14/02/2014 14:27,41.738
14/02/2014 14:27,44.436
14/02/2014 14:27,44.342
14/02/2014 14:27,42.23
14/02/2014 14:27,44.964
14/02/2014 14:27,39.576
14/02/2014 14:27,50.63
14/02/2014 14:27,42.16
14/02/2014 14:27,40.282
14/02/2014 14:27,48.004
14/02/2014 14:27,41.924
14/02/2014 14:27,41.25
14/02/2014 14:27,43.854
14/02/2014 14:27,39.062
14/02/2014 14:27,49.028
14/02/2014 14:27,42.078
14/02/2014 14:27,40.566
14/02/2014 14:27,46.15
14/02/2014 14:27,45.568
14/02/2014 14:27,41.142
14/02/2014 14:27,46.544
14/02/2014 14:27,38.802
14/02/2014 14:27,48.874
14/02/2014 14:27,41.056
14/02/2014 14:27,40.54
14/02/2014 14:27,46.83
14/02/2014 14:27,41.83
14/02/2014 14:27,41.55
14/02/2014 14:27,44.084
14/02/2014 14:27,38.782
14/02/2014 14:27,50.556
14/02/2014 14:27,41.854
14/02/2014 14:27,42.582
14/02/2014 14:27,44.7
14/02/2014 14:27,40.188
14/02/2014 14:27,41.902
14/02/2014 14:27,44.718
14/02/2014 14:27,38.574
14/02/2014 14:27,48.782
14/02/2014 14:27,41.432
14/02/2014 14:27,40.366
14/02/2014 14:27,46.032
14/02/2014 14:27,44.766
14/02/2014 14:27,42.3
14/02/2014 14:27,46.22
14/02/2014 14:27,38.92
14/02/2014 14:27,48.896
14/02/2014 14:27,42.114
14/02/2014 14:27,39.906
14/02/2014 14:27,47.324
14/02/2014 14:27,41.332
14/02/2014 14:27,41.796
14/02/2014 14:27,44.454
14/02/2014 14:27,38.408
14/02/2014 14:27,50.954
14/02/2014 14:27,41.822
14/02/2014 14:27,41.68
14/02/2014 14:27,46.198
14/02/2014 14:27,42.916
14/02/2014 14:27,41.976
14/02/2014 14:27,43.704
14/02/2014 14:27,39.264
14/02/2014 14:27,48.44
14/02/2014 14:27,41.746
14/02/2014 14:27,41.924
14/02/2014 14:27,44.526
14/02/2014 14:27,44.508
14/02/2014 14:27,43.85
14/02/2014 14:27,46.162
14/02/2014 14:27,38.524
14/02/2014 14:27,46.942
14/02/2014 14:27,43.356
14/02/2014 14:27,41.084
14/02/2014 14:27,45.212
14/02/2014 14:27,43.474
14/02/2014 14:27,42.222
14/02/2014 14:27,43.92
14/02/2014 14:27,39.672
14/02/2014 14:27,51.292
14/02/2014 14:27,41.432
14/02/2014 14:27,42.77
14/02/2014 14:27,45.376
14/02/2014 14:27,42.816
14/02/2014 14:27,41.568
14/02/2014 14:27,43.802
14/02/2014 14:27,39.53
14/02/2014 14:27,49.202
14/02/2014 14:27,41.784
14/02/2014 14:27,41.338
14/02/2014 14:27,45.07
14/02/2014 14:27,44.766
14/02/2014 14:27,43.334
14/02/2014 14:27,43.576
14/02/2014 14:27,40.728
14/02/2014 14:27,48.57
14/02/2014 14:27,41.738
14/02/2014 14:27,41.338
14/02/2014 14:27,44.882
14/02/2014 14:27,43.39
14/02/2014 14:27,46.056
14/02/2014 14:27,42.888
14/02/2014 14:27,38.61
14/02/2014 14:27,48.78
14/02/2014 14:27,43.874
14/02/2014 14:27,43.45
14/02/2014 14:27,45.698
14/02/2014 14:27,42.724
14/02/2014 14:27,43.662
14/02/2014 14:27,42.724
14/02/2014 14:27,39.788
14/02/2014 14:27,48.466
14/02/2014 14:27,41.96
14/02/2014 14:27,41.924
14/02/2014 14:27,44.72
14/02/2014 14:27,40.634
14/02/2014 14:27,49.154
14/02/2014 14:27,43.426
14/02/2014 14:27,40.796
14/02/2014 14:27,46.97
14/02/2014 14:27,42.7
14/02/2014 14:27,42.3
14/02/2014 14:27,45.896
14/02/2014 14:27,39.108
14/02/2014 14:27,48.492
14/02/2014 14:27,42.39
14/02/2014 14:27,39.576
14/02/2014 14:27,50.516
14/02/2014 14:27,41.314
14/02/2014 14:27,43.026
14/02/2014 14:27,44.812
14/02/2014 14:27,38.92
14/02/2014 14:27,49.79
14/02/2014 14:27,41.666
14/02/2014 14:27,40.586
14/02/2014 14:27,45.842
14/02/2014 14:27,43.028
14/02/2014 14:27,42.442
14/02/2014 14:27,44.226
14/02/2014 14:27,41.408
14/02/2014 14:27,49.084
14/02/2014 14:27,43.334
14/02/2014 14:27,40.278
14/02/2014 14:27,44.694
14/02/2014 14:27,43.404
14/02/2014 14:27,42.206
14/02/2014 14:27,43.756
14/02/2014 14:27,39.226
14/02/2014 14:27,49.6
14/02/2014 14:27,41.01
14/02/2014 14:27,40.492
14/02/2014 14:27,48.428
14/02/2014 14:27,42.91
14/02/2014 14:27,43.45
14/02/2014 14:27,44.062
14/02/2014 14:27,39.012
14/02/2014 14:27,47.958
14/02/2014 14:27,41.91
14/02/2014 14:27,38.85
14/02/2014 14:27,49.434
14/02/2014 14:27,42.042
14/02/2014 14:27,41.104
14/02/2014 14:27,44.722
14/02/2014 14:27,40.54
14/02/2014 14:27,47.184
14/02/2014 14:27,45.024
14/02/2014 14:27,40.354
14/02/2014 14:27,46.296
14/02/2014 14:27,43.592
14/02/2014 14:27,42.256
14/02/2014 14:27,42.638
14/02/2014 14:27,40.704
14/02/2014 14:27,46.408
14/02/2014 14:27,42.184
14/02/2014 14:27,39.554
14/02/2014 14:27,50.828
14/02/2014 14:27,41.268
14/02/2014 14:27,43.216
14/02/2014 14:27,45.61
14/02/2014 14:27,42.696
14/02/2014 14:27,42.746
14/02/2014 14:27,42.998
14/02/2014 14:27,38.874
14/02/2014 14:27,48.662
14/02/2014 14:27,41.378
14/02/2014 14:27,40.814
14/02/2014 14:27,45.376
14/02/2014 14:27,45.164
14/02/2014 14:27,43.508
14/02/2014 14:27,45.004
14/02/2014 14:27,38.356
14/02/2014 14:27,48.968
14/02/2014 14:27,41.456
14/02/2014 14:27,40.758
14/02/2014 14:27,45.68
14/02/2014 14:27,42.864
14/02/2014 14:27,43.396
14/02/2014 14:27,42.564
14/02/2014 14:27,40.234
14/02/2014 14:27,50.932
14/02/2014 14:27,41.374
14/02/2014 14:27,42.354
14/02/2014 14:27,45.532
14/02/2014 14:27,42.952
14/02/2014 14:27,42.008
14/02/2014 14:27,44.022
14/02/2014 14:27,38.756
14/02/2014 14:27,48.31
14/02/2014 14:27,41.502
14/02/2014 14:27,40.732
14/02/2014 14:27,44.93
14/02/2014 14:27,44.816
14/02/2014 14:27,44.202
14/02/2014 14:27,44.45
14/02/2014 14:27,39.152
14/02/2014 14:27,48.124
14/02/2014 14:27,41.416
14/02/2014 14:27,41.362
14/02/2014 14:27,45.376
14/02/2014 14:27,39.118
14/02/2014 14:27,48.708
14/02/2014 14:27,41.55
14/02/2014 14:27,39.878
14/02/2014 14:27,47.782
14/02/2014 14:27,43.382
14/02/2014 14:27,43.192
14/02/2014 14:27,44.226
14/02/2014 14:27,44.136
14/02/2014 14:27,43.382
14/02/2014 14:27,41.914
14/02/2014 14:27,39.8
14/02/2014 14:27,49.514
14/02/2014 14:27,41.83
14/02/2014 14:27,41.48
14/02/2014 14:27,44.578
14/02/2014 14:27,41.122
14/02/2014 14:27,49.018
14/02/2014 14:27,43.756
14/02/2014 14:27,40.57
14/02/2014 14:27,45.634
14/02/2014 14:27,43.498
14/02/2014 14:27,42.222
14/02/2014 14:27,45.164
14/02/2014 14:27,38.662
14/02/2014 14:27,48.8
14/02/2014 14:27,41.748
14/02/2014 14:27,39.93
14/02/2014 14:27,47.84
14/02/2014 14:27,43.304
14/02/2014 14:27,44.014
14/02/2014 14:27,43.746
14/02/2014 14:27,38.27
14/02/2014 14:27,48.968
14/02/2014 14:27,41.314
14/02/2014 14:27,40.752
14/02/2014 14:27,45.492
14/02/2014 14:27,42.724
14/02/2014 14:27,41.502
14/02/2014 14:27,44.366
14/02/2014 14:27,40.292
14/02/2014 14:27,48.45
14/02/2014 14:27,43.068
14/02/2014 14:27,40.54
14/02/2014 14:27,46.118
14/02/2014 14:27,42.676
14/02/2014 14:27,41.852
14/02/2014 14:27,42.84
14/02/2014 14:27,41.738
14/02/2014 14:27,43.24
14/02/2014 14:27,43.968
14/02/2014 14:27,38.944
14/02/2014 14:27,51.056
14/02/2014 14:27,41.854
14/02/2014 14:27,42.7
14/02/2014 14:27,45.376
14/02/2014 14:27,43.118
14/02/2014 14:27,42.746
14/02/2014 14:27,43.24
14/02/2014 14:27,39.778
14/02/2014 14:27,49.152
14/02/2014 14:27,41.03
14/02/2014 14:27,40.664
14/02/2014 14:27,44.484
14/02/2014 14:27,45.282
14/02/2014 14:27,42.816
14/02/2014 14:27,47.228
14/02/2014 14:27,42.712
14/02/2014 14:27,42.96
14/02/2014 14:27,43.1
14/02/2014 14:27,38.802
14/02/2014 14:27,49.428
14/02/2014 14:27,41.69
14/02/2014 14:27,40.536
14/02/2014 14:27,45.328
14/02/2014 14:27,43.522
14/02/2014 14:27,44.176
14/02/2014 14:27,43.78
14/02/2014 14:27,40.352
14/02/2014 14:27,47.018
14/02/2014 14:27,43.004
14/02/2014 14:27,41.066
14/02/2014 14:27,44.554
14/02/2014 14:27,43.284
14/02/2014 14:27,42.12
14/02/2014 14:27,43.524
14/02/2014 14:27,38.896
14/02/2014 14:27,48.826
14/02/2014 14:27,42.994
14/02/2014 14:27,40.162
14/02/2014 14:27,47.048
14/02/2014 14:27,43.052
14/02/2014 14:27,41.738
14/02/2014 14:27,43.944
14/02/2014 14:27,39.66
14/02/2014 14:27,48.028
14/02/2014 14:27,42.126
14/02/2014 14:27,39.806
14/02/2014 14:27,46.01
14/02/2014 14:27,43.732
14/02/2014 14:27,44.672
14/02/2014 14:27,43.968
14/02/2014 14:27,40.61
14/02/2014 14:27,47.582
14/02/2014 14:27,43.826
14/02/2014 14:27,39.178
14/02/2014 14:27,47.606
14/02/2014 14:27,44.026
14/02/2014 14:27,42.138
14/02/2014 14:27,43.09
14/02/2014 14:27,39.554
14/02/2014 14:27,47.558
14/02/2014 14:27,45.094
14/02/2014 14:27,43.116
14/02/2014 14:27,45.4
14/02/2014 14:27,39.882
14/02/2014 14:27,45.986
14/02/2014 14:27,43.892
14/02/2014 14:27,43.43
14/02/2014 14:27,42.594
14/02/2014 14:27,40.282
14/02/2014 14:27,45.038
14/02/2014 14:27,42.794
14/02/2014 14:27,44.294
14/02/2014 14:27,43.806
14/02/2014 14:27,41.08
14/02/2014 14:27,46.486
14/02/2014 14:27,39.108
14/02/2014 14:27,49.694
14/02/2014 14:27,42.37
14/02/2014 14:27,41.336
14/02/2014 14:27,44.586
14/02/2014 14:27,38.708
14/02/2014 14:27,49.062
14/02/2014 14:27,41.008
14/02/2014 14:27,42.348
14/02/2014 14:27,45.306
14/02/2014 14:27,40.184
14/02/2014 14:27,48.668
14/02/2014 14:27,42.558
14/02/2014 14:27,43.24
14/02/2014 14:27,42.394
14/02/2014 14:27,40.14
14/02/2014 14:27,45.916
14/02/2014 14:27,42.392
14/02/2014 14:27,43.592
14/02/2014 14:27,42.63
14/02/2014 14:27,40.42
14/02/2014 14:27,47.536
14/02/2014 14:27,43.428
14/02/2014 14:27,46.22
14/02/2014 14:27,41.666
14/02/2014 14:27,41.754
14/02/2014 14:27,46.902
14/02/2014 14:27,43.216
14/02/2014 14:27,44.296
14/02/2014 14:27,42.63
14/02/2014 14:27,41.83
14/02/2014 14:27,44.788
14/02/2014 14:27,38.958
14/02/2014 14:27,51.83
14/02/2014 14:27,41.9
14/02/2014 14:27,44.58
14/02/2014 14:27,44.86
14/02/2014 14:27,38.662
14/02/2014 14:27,48.708
14/02/2014 14:27,41.714
14/02/2014 14:27,42.184
14/02/2014 14:27,43.708
14/02/2014 14:27,41.126
14/02/2014 14:27,47.394
14/02/2014 14:27,42.784
14/02/2014 14:27,45.164
14/02/2014 14:27,43.686
14/02/2014 14:27,41.314
14/02/2014 14:27,47.936
14/02/2014 14:27,42.856
14/02/2014 14:27,43.568
14/02/2014 14:27,43.248
14/02/2014 14:27,40.508
14/02/2014 14:27,47.464
14/02/2014 14:27,42.972
14/02/2014 14:27,42.092
14/02/2014 14:27,43.474
14/02/2014 14:27,41.576
14/02/2014 14:27,50.178
14/02/2014 14:27,42.574
14/02/2014 14:27,42.21
14/02/2014 14:27,43.972
14/02/2014 14:27,38.708
14/02/2014 14:27,48.568
14/02/2014 14:27,41.988
14/02/2014 14:27,42.84
14/02/2014 14:27,44.762
14/02/2014 14:27,39.47
14/02/2014 14:27,47.042
14/02/2014 14:27,45.4
14/02/2014 14:27,43.31
14/02/2014 14:27,45.294
14/02/2014 14:27,40.338
14/02/2014 14:27,47.676
14/02/2014 14:27,44.272
14/02/2014 14:27,43.752
14/02/2014 14:27,43.118
14/02/2014 14:27,39.76
14/02/2014 14:27,47.418
14/02/2014 14:27,43.334
14/02/2014 14:27,42.84
14/02/2014 14:27,44.882
14/02/2014 14:27,39.022
14/02/2014 14:27,48.756
14/02/2014 14:27,42.816
14/02/2014 14:27,42.464
14/02/2014 14:27,44.014
14/02/2014 14:27,43.846
14/02/2014 14:27,42.49
14/02/2014 14:27,42.272
14/02/2014 14:27,39.486
14/02/2014 14:27,46.408
14/02/2014 14:27,43.802
14/02/2014 14:27,43.802
14/02/2014 14:27,44.178
14/02/2014 14:27,40.68
14/02/2014 14:27,49.108
14/02/2014 14:27,41.666
14/02/2014 14:27,43.146
14/02/2014 14:27,43.702
14/02/2014 14:27,38.826
14/02/2014 14:27,48.38
14/02/2014 14:27,41.714
14/02/2014 14:27,41.712
14/02/2014 14:27,45.118
14/02/2014 14:27,40.936
14/02/2014 14:27,49.068
14/02/2014 14:27,43.286
14/02/2014 14:27,42.3
14/02/2014 14:27,44.342
14/02/2014 14:27,38.92
14/02/2014 14:27,49.952
14/02/2014 14:27,42.042
14/02/2014 14:27,40.798
14/02/2014 14:27,44.554
14/02/2014 14:27,38.902
14/02/2014 14:27,48.638
14/02/2014 14:27,43.498
14/02/2014 14:27,41.36
14/02/2014 14:27,47.872
14/02/2014 14:27,42.828
14/02/2014 14:27,43.746
14/02/2014 14:27,42.854
14/02/2014 14:27,40.138
14/02/2014 14:27,46.362
14/02/2014 14:27,43.192
14/02/2014 14:27,43.38
14/02/2014 14:27,43.732
14/02/2014 14:27,40.04
14/02/2014 14:27,51.032
14/02/2014 14:27,42.828
14/02/2014 14:27,44.178
14/02/2014 14:27,43.45
14/02/2014 14:27,38.966
14/02/2014 14:27,47.37
14/02/2014 14:27,42.982
14/02/2014 14:27,41.83
14/02/2014 14:27,44.202
14/02/2014 14:27,38.486
14/02/2014 14:27,48.828
14/02/2014 14:27,41.478
14/02/2014 14:27,43.944
14/02/2014 14:27,43.828
14/02/2014 14:27,40.54
14/02/2014 14:27,48.122
14/02/2014 14:27,41.878
14/02/2014 14:27,42.512
14/02/2014 14:27,44.178
14/02/2014 14:27,40.642
14/02/2014 14:27,48.544
14/02/2014 14:27,43.586
14/02/2014 14:27,43.262
14/02/2014 14:27,43.638
14/02/2014 14:27,41.426
14/02/2014 14:27,49.538
14/02/2014 14:27,42.788
14/02/2014 14:27,42.184
14/02/2014 14:27,43.2
14/02/2014 14:27,39.454
14/02/2014 14:27,46.374
14/02/2014 14:27,42.958
14/02/2014 14:27,42.254
14/02/2014 14:27,41.65
14/02/2014 14:27,38.662
14/02/2014 14:27,48.066
14/02/2014 14:27,44.114
14/02/2014 14:27,42.888
14/02/2014 14:27,45.404
14/02/2014 14:27,38.756
14/02/2014 14:27,48.942
14/02/2014 14:27,42.112
14/02/2014 14:27,43.522
14/02/2014 14:27,43.508
14/02/2014 14:27,40.888
14/02/2014 14:27,47.3
14/02/2014 14:27,42.794
14/02/2014 14:27,43.904
14/02/2014 14:27,45.234
14/02/2014 14:27,39.53
14/02/2014 14:27,48.686
14/02/2014 14:27,41.83
14/02/2014 14:27,42.09
14/02/2014 14:27,43.756
14/02/2014 14:27,39.906
14/02/2014 14:27,47.06
14/02/2014 14:27,43.144
14/02/2014 14:27,42.018
14/02/2014 14:27,43.954
14/02/2014 14:27,39.014
14/02/2014 14:27,48.736
14/02/2014 14:27,44.414
14/02/2014 14:27,45.188
14/02/2014 14:27,43.296
14/02/2014 14:27,39.624
14/02/2014 14:27,45.67
14/02/2014 14:27,43.638
14/02/2014 14:27,43.356
14/02/2014 14:27,42.536
14/02/2014 14:27,41.478
14/02/2014 14:27,45.232
14/02/2014 14:27,38.92
14/02/2014 14:27,50.978
14/02/2014 14:27,41.868
14/02/2014 14:27,44.014
14/02/2014 14:27,46.338
14/02/2014 14:27,43.662
14/02/2014 14:27,43.886
14/02/2014 14:27,42.224
14/02/2014 14:27,41.636
14/02/2014 14:27,46.342
14/02/2014 14:27,43.474
14/02/2014 14:27,43.544
14/02/2014 14:27,43.162
14/02/2014 14:27,42.216
14/02/2014 14:27,46.996
14/02/2014 14:27,44.652
14/02/2014 14:27,44.154
14/02/2014 14:27,43.004
14/02/2014 14:27,39.766
14/02/2014 14:27,46.45
14/02/2014 14:27,43.214
14/02/2014 14:27,43.16
14/02/2014 14:27,42.652
14/02/2014 14:27,41.22
14/02/2014 14:27,45.798
14/02/2014 14:27,44.93
14/02/2014 14:27,43.686
14/02/2014 14:27,46.446
14/02/2014 14:27,40.744
14/02/2014 14:27,45.456
14/02/2014 14:27,43.004
14/02/2014 14:27,43.874
14/02/2014 14:27,41.552
14/02/2014 14:27,41.808
14/02/2014 14:27,44.802
14/02/2014 14:27,38.454
14/02/2014 14:27,46.596
14/02/2014 14:27,44.918
14/02/2014 14:27,43.064
14/02/2014 14:27,46.62
14/02/2014 14:27,40.14
14/02/2014 14:27,47.112
14/02/2014 14:27,43.686
14/02/2014 14:27,42.464
14/02/2014 14:27,43.17
14/02/2014 14:27,39.484
14/02/2014 14:27,47.63
14/02/2014 14:27,43.108
14/02/2014 14:27,43.356
14/02/2014 14:27,46.018
14/02/2014 14:27,39.784
14/02/2014 14:27,49.32
14/02/2014 14:27,43.586
14/02/2014 14:27,42.654
14/02/2014 14:27,43.802
14/02/2014 14:27,38.918
14/02/2014 14:27,47.35
14/02/2014 14:27,42.84
14/02/2014 14:27,43.338
14/02/2014 14:27,43.052
14/02/2014 14:27,40.62
14/02/2014 14:27,47.394
14/02/2014 14:27,42.934
14/02/2014 14:27,45.54
14/02/2014 14:27,42.16
14/02/2014 14:27,40.938
14/02/2014 14:27,45.254
14/02/2014 14:27,38.732
14/02/2014 14:27,48.45
14/02/2014 14:27,41.428
14/02/2014 14:27,42.864
14/02/2014 14:27,43.85
14/02/2014 14:27,39.836
14/02/2014 14:27,50.394
14/02/2014 14:27,43.936
14/02/2014 14:27,44.146
14/02/2014 14:27,43.708
14/02/2014 14:27,39.87
14/02/2014 14:27,47.746
14/02/2014 14:27,43.004
14/02/2014 14:27,41.478
14/02/2014 14:27,43.994
14/02/2014 14:27,38.8
14/02/2014 14:27,45.376
14/02/2014 14:27,43.31
14/02/2014 14:27,44.812
14/02/2014 14:27,43.582
14/02/2014 14:27,41.276
14/02/2014 14:27,46.916
14/02/2014 14:27,42.696
14/02/2014 14:27,43.522
14/02/2014 14:27,42.794
14/02/2014 14:27,39.636
14/02/2014 14:27,47.184
14/02/2014 14:27,43.004
14/02/2014 14:27,41.67
14/02/2014 14:27,44.46
14/02/2014 14:27,41.314
14/02/2014 14:27,49.562
14/02/2014 14:27,42.918
14/02/2014 14:27,43.662
14/02/2014 14:27,42.77
14/02/2014 14:27,40.282
14/02/2014 14:27,46.168
14/02/2014 14:27,38.428
14/02/2014 14:27,48.99
14/02/2014 14:27,43.38
14/02/2014 14:27,41.366
14/02/2014 14:27,44.154
14/02/2014 14:27,41.568
14/02/2014 14:27,49.578
14/02/2014 14:27,43.638
14/02/2014 14:27,42.026
14/02/2014 14:27,44.48
14/02/2014 14:27,39.196
14/02/2014 14:27,47.256
14/02/2014 14:27,42.394
14/02/2014 14:27,42.864
14/02/2014 14:27,42.63
14/02/2014 14:27,40.43
14/02/2014 14:27,46.62
14/02/2014 14:27,45.024
14/02/2014 14:27,40.54
14/02/2014 14:27,47.63
14/02/2014 14:27,39.132
14/02/2014 14:27,48.59
14/02/2014 14:27,41.854
14/02/2014 14:27,42.348
14/02/2014 14:27,44.014
14/02/2014 14:27,39.684
14/02/2014 14:27,47.37
14/02/2014 14:27,43.216
14/02/2014 14:27,43.076
14/02/2014 14:27,45.4
14/02/2014 14:27,39.078
14/02/2014 14:27,49.466
14/02/2014 14:27,43.084
14/02/2014 14:27,42.864
14/02/2014 14:27,43.24
14/02/2014 14:27,40.046
14/02/2014 14:27,46.384
14/02/2014 14:27,39.122
14/02/2014 14:27,49.788
14/02/2014 14:27,42.042
14/02/2014 14:27,41.948
14/02/2014 14:27,47.582
14/02/2014 14:27,39.038
14/02/2014 14:27,50.938
14/02/2014 14:27,42.636
14/02/2014 14:27,41.31
14/02/2014 14:27,45.046
14/02/2014 14:27,39.506
14/02/2014 14:27,47.676
14/02/2014 14:27,42.676
14/02/2014 14:27,41.478
14/02/2014 14:27,44.102
14/02/2014 14:27,38.708
14/02/2014 14:27,49.178
14/02/2014 14:27,43.544
14/02/2014 14:27,43.826
14/02/2014 14:27,44.038
14/02/2014 14:27,38.522
14/02/2014 14:27,48.826
14/02/2014 14:27,42.048
14/02/2014 14:27,42.582
14/02/2014 14:27,44.554
14/02/2014 14:27,39.014
14/02/2014 14:27,48.874
14/02/2014 14:27,42.13
14/02/2014 14:27,44.554
14/02/2014 14:27,44.436
14/02/2014 14:27,41.52
14/02/2014 14:27,48.524
14/02/2014 14:27,42.37
14/02/2014 14:27,43.262
14/02/2014 14:27,43.712
14/02/2014 14:27,40.376
14/02/2014 14:27,47.184
14/02/2014 14:27,41.57
14/02/2014 14:27,43.756
14/02/2014 14:27,43.122
14/02/2014 14:27,41.714
14/02/2014 14:27,46.22
14/02/2014 14:27,44.86
14/02/2014 14:27,43.098
14/02/2014 14:27,42.84
14/02/2014 14:27,39.8
14/02/2014 14:27,44.86
14/02/2014 14:27,41.478
14/02/2014 14:27,41.878
14/02/2014 14:27,43.686
14/02/2014 14:27,40.046
14/02/2014 14:27,47.09
14/02/2014 14:27,44.43
14/02/2014 14:27,43.206
14/02/2014 14:27,45.522
14/02/2014 14:27,40.492
14/02/2014 14:27,46.55
14/02/2014 14:27,44.202
14/02/2014 14:27,44.934
14/02/2014 14:27,42.548
14/02/2014 14:27,40.586
14/02/2014 14:27,45.822
14/02/2014 14:27,43.014
14/02/2014 14:27,43.92
14/02/2014 14:27,45.07
14/02/2014 14:27,40.352
14/02/2014 14:27,47.588
14/02/2014 14:27,42.558
14/02/2014 14:27,43.802
14/02/2014 14:27,41.998
14/02/2014 14:27,42.018
14/02/2014 14:27,41.666
14/02/2014 14:27,38.74
14/02/2014 14:27,49.788
14/02/2014 14:27,41.844
14/02/2014 14:27,41.22
14/02/2014 14:27,46.244
14/02/2014 14:27,44.672
14/02/2014 14:27,45.234
14/02/2014 14:27,40.798
14/02/2014 14:27,40.822
14/02/2014 14:27,46.006
14/02/2014 14:27,39.604
14/02/2014 14:27,48.934
14/02/2014 14:27,41.408
14/02/2014 14:27,42.066
14/02/2014 14:27,45.164
14/02/2014 14:27,38.632
14/02/2014 14:27,49.384
14/02/2014 14:27,42.968
14/02/2014 14:27,45.188
14/02/2014 14:27,43.046
14/02/2014 14:27,39.474
14/02/2014 14:27,49.694
14/02/2014 14:27,41.356
14/02/2014 14:27,42.048
14/02/2014 14:27,43.802
14/02/2014 14:27,39.648
14/02/2014 14:27,46.304
14/02/2014 14:27,43.076
14/02/2014 14:27,45.47
14/02/2014 14:27,42.952
14/02/2014 14:27,41.98
14/02/2014 14:27,44.694
14/02/2014 14:27,43.41
14/02/2014 14:27,43.99
14/02/2014 14:27,43.662
14/02/2014 14:27,41.976
14/02/2014 14:27,44.954
14/02/2014 14:27,39.062
14/02/2014 14:27,48.07
14/02/2014 14:27,40.822
14/02/2014 14:27,42.94
14/02/2014 14:27,46.146
14/02/2014 14:27,40.002
14/02/2014 14:27,49.178
14/02/2014 14:27,40.54
14/02/2014 14:27,41.614
14/02/2014 14:27,44.366
14/02/2014 14:27,39.038
14/02/2014 14:27,49.14
14/02/2014 14:27,41.872
14/02/2014 14:27,42.162
14/02/2014 14:27,42.718
14/02/2014 14:27,40.752
14/02/2014 14:27,49.46
14/02/2014 14:27,42.652
14/02/2014 14:27,43.404
14/02/2014 14:27,42.652
14/02/2014 14:27,40.234
14/02/2014 14:27,46.55
14/02/2014 14:27,43.7
14/02/2014 14:27,44.86
14/02/2014 14:27,41.544
14/02/2014 14:27,42.028
14/02/2014 14:27,44.624
14/02/2014 14:27,40.54
14/02/2014 14:27,49.672
14/02/2014 14:27,43.106
14/02/2014 14:27,41.292
14/02/2014 14:27,45.136
14/02/2014 14:27,38.874
14/02/2014 14:27,49.054
14/02/2014 14:27,41.086
14/02/2014 14:27,41.244
14/02/2014 14:27,44.484
14/02/2014 14:27,38.404
14/02/2014 14:27,48.99
14/02/2014 14:27,43.084
14/02/2014 14:27,41.972
14/02/2014 14:27,46.83
14/02/2014 14:27,39.408
14/02/2014 14:27,45.974
14/02/2014 14:27,43.052
14/02/2014 14:27,44.624
14/02/2014 14:27,41.606
14/02/2014 14:27,41.198
14/02/2014 14:27,46.478
14/02/2014 14:27,39.414
14/02/2014 14:27,50.104
14/02/2014 14:27,43.094
14/02/2014 14:27,41.854
14/02/2014 14:27,46.478
14/02/2014 14:27,38.944
14/02/2014 14:27,46.808
14/02/2014 14:27,42.864
14/02/2014 14:27,42.958
14/02/2014 14:27,43.122
14/02/2014 14:27,39.882
14/02/2014 14:27,46.338
14/02/2014 14:27,42.664
14/02/2014 14:27,43.732
14/02/2014 14:27,45.356
14/02/2014 14:27,40.446
14/02/2014 14:27,47.324
14/02/2014 14:27,44.366
14/02/2014 14:27,43.478
14/02/2014 14:27,41.936
14/02/2014 14:27,40.47
14/02/2014 14:27,46.408
14/02/2014 14:27,42.63
14/02/2014 14:27,43.322
14/02/2014 14:27,43.826
14/02/2014 14:27,39.32
14/02/2014 14:27,49.062
14/02/2014 14:27,41.62
14/02/2014 14:27,44.836
14/02/2014 14:27,43.404
14/02/2014 14:27,39.186
14/02/2014 14:27,49.672
14/02/2014 14:27,41.666
14/02/2014 14:27,41.826
14/02/2014 14:27,44.624
14/02/2014 14:27,38.732
14/02/2014 14:27,46.954
14/02/2014 14:27,43.146
14/02/2014 14:27,43.708
14/02/2014 14:27,42.3
14/02/2014 14:27,39.622
14/02/2014 14:27,47.536
14/02/2014 14:27,43.26
14/02/2014 14:27,42.864
14/02/2014 14:27,44.154
14/02/2014 14:27,38.78
14/02/2014 14:27,47.198
14/02/2014 14:27,42.606
14/02/2014 14:27,43.686
14/02/2014 14:27,43.378
14/02/2014 14:27,43.182
14/02/2014 14:27,44.972
14/02/2014 14:27,45.104
14/02/2014 14:27,43.99
14/02/2014 14:27,43.544
14/02/2014 14:27,40.118
14/02/2014 14:27,45.298
14/02/2014 14:27,42.578
14/02/2014 14:27,43.34
14/02/2014 14:27,42.696
14/02/2014 14:27,40.282
14/02/2014 14:27,45.63
14/02/2014 14:27,45.234
14/02/2014 14:27,42.934
14/02/2014 14:27,44.624
14/02/2014 14:27,39.28
14/02/2014 14:27,46.83
14/02/2014 14:27,43.058
14/02/2014 14:27,43.076
14/02/2014 14:27,41.756
14/02/2014 14:27,41.312
14/02/2014 14:27,44.722
14/02/2014 14:27,38.31
14/02/2014 14:27,49.452
14/02/2014 14:27,43.896
14/02/2014 14:27,42.408
14/02/2014 14:27,46.268
14/02/2014 14:27,39.948
14/02/2014 14:27,48.85
14/02/2014 14:27,41.644
14/02/2014 14:27,42.488
14/02/2014 14:27,43.706
14/02/2014 14:27,39.93
14/02/2014 14:27,48.462
14/02/2014 14:27,41.332
14/02/2014 14:27,42.888
14/02/2014 14:27,45.612
14/02/2014 14:27,39.324
14/02/2014 14:27,48.732
14/02/2014 14:27,43.176
14/02/2014 14:27,43.312
14/02/2014 14:27,44.188
14/02/2014 14:27,39.456
14/02/2014 14:27,46.918
14/02/2014 14:27,42.606
14/02/2014 14:27,41.714
14/02/2014 14:27,43.896
14/02/2014 14:27,39.718
14/02/2014 14:27,51.384
14/02/2014 14:27,42.43
14/02/2014 14:27,44.068
14/02/2014 14:27,44.954
14/02/2014 14:27,39.166
14/02/2014 14:27,46.924
14/02/2014 14:27,41.478
14/02/2014 14:27,41.996
14/02/2014 14:27,43.978
14/02/2014 14:27,37.276
14/02/2014 14:27,47.23
14/02/2014 14:27,42.63
14/02/2014 14:27,44.108
14/02/2014 14:27,42.91
14/02/2014 14:27,41.15
14/02/2014 14:27,46.55
14/02/2014 14:27,44.802
14/02/2014 14:27,42.724
14/02/2014 14:27,43.582
14/02/2014 14:27,39.86
14/02/2014 14:27,47.348
14/02/2014 14:27,43.17
14/02/2014 14:27,42.982
14/02/2014 14:27,43.036
14/02/2014 14:27,41.42
14/02/2014 14:27,47.91
14/02/2014 14:27,45.306
14/02/2014 14:27,42.586
14/02/2014 14:27,43.868
14/02/2014 14:27,38.49
14/02/2014 14:27,47.562
14/02/2014 14:27,43.004
14/02/2014 14:27,41.772
14/02/2014 14:27,43.592
14/02/2014 14:27,40.376
14/02/2014 14:27,45.972
14/02/2014 14:27,45.188
14/02/2014 14:27,43.218
14/02/2014 14:27,45.094
14/02/2014 14:27,40.14
14/02/2014 14:27,47.84
14/02/2014 14:27,41.748
14/02/2014 14:27,41.83
14/02/2014 14:27,44.47
14/02/2014 14:27,38.646
14/02/2014 14:27,49.062
14/02/2014 14:27,42.37
14/02/2014 14:27,41.652
14/02/2014 14:27,45.932
14/02/2014 14:27,39.244
14/02/2014 14:27,51.488
14/02/2014 14:27,41.096
14/02/2014 14:27,42.138
14/02/2014 14:27,44.53
14/02/2014 14:27,39.014
14/02/2014 14:27,47.442
14/02/2014 14:27,42.978
14/02/2014 14:27,43.574
14/02/2014 14:27,42.888
14/02/2014 14:27,39.836
14/02/2014 14:27,48.356
14/02/2014 14:27,43.592
14/02/2014 14:27,45.61
14/02/2014 14:27,42.366
14/02/2014 14:27,40.214
14/02/2014 14:27,44.448
14/02/2014 14:27,43.048
14/02/2014 14:27,42.958
14/02/2014 14:27,43.428
14/02/2014 14:27,39.038
14/02/2014 14:27,46.644
14/02/2014 14:27,42.724
14/02/2014 14:27,44.718
14/02/2014 14:27,44.32
14/02/2014 14:27,41.338
14/02/2014 14:27,49.19
14/02/2014 14:27,43.568
14/02/2014 14:27,43.006
14/02/2014 14:27,42.982
14/02/2014 14:27,39.53
14/02/2014 14:27,46.478
14/02/2014 14:27,43.428
14/02/2014 14:27,43.316
14/02/2014 14:27,44.202
14/02/2014 14:27,41.444
14/02/2014 14:27,46.902
14/02/2014 14:27,45.564
14/02/2014 14:27,41.762
14/02/2014 14:27,44.174
14/02/2014 14:27,38.84
14/02/2014 14:27,47.378
14/02/2014 14:27,43.544
14/02/2014 14:27,43.568
14/02/2014 14:27,42.924
14/02/2014 14:27,40.492
14/02/2014 14:27,45.816
14/02/2014 14:27,40.868
14/02/2014 14:27,49.448
14/02/2014 14:27,41.508
14/02/2014 14:27,40.212
14/02/2014 14:27,45.822
14/02/2014 14:27,40.156
14/02/2014 14:27,49.334
14/02/2014 14:27,41.104
14/02/2014 14:27,41.642
14/02/2014 14:27,44.062
14/02/2014 14:27,38.638
14/02/2014 14:27,48.324
14/02/2014 14:27,43.42
14/02/2014 14:27,42.756
14/02/2014 14:27,46.752
14/02/2014 14:27,39.836
14/02/2014 14:27,49.216
14/02/2014 14:27,42.184
14/02/2014 14:27,41.83
14/02/2014 14:27,43.638
14/02/2014 14:27,38.618
14/02/2014 14:27,45.448
14/02/2014 14:27,42.7
14/02/2014 14:27,41.972
14/02/2014 14:27,46.658
14/02/2014 14:27,38.836
14/02/2014 14:27,49.788
14/02/2014 14:27,41.526
14/02/2014 14:27,41.55
14/02/2014 14:27,44.264
14/02/2014 14:27,39.892
14/02/2014 14:27,48.334
14/02/2014 14:27,41.948
14/02/2014 14:27,42.074
14/02/2014 14:27,43.806
14/02/2014 14:27,38.732
14/02/2014 14:27,48.92
14/02/2014 14:27,43.756
14/02/2014 14:27,45.084
14/02/2014 14:27,42.82
14/02/2014 14:27,40.53
14/02/2014 14:27,45.518
14/02/2014 14:27,39.338
14/02/2014 14:27,48.686
14/02/2014 14:27,40.774
14/02/2014 14:27,41.748
14/02/2014 14:27,44.948
14/02/2014 14:27,39.152
14/02/2014 14:27,51.028
14/02/2014 14:27,41.08
14/02/2014 14:27,44.108
14/02/2014 14:27,43.322
14/02/2014 14:27,39.924
14/02/2014 14:27,47.002
14/02/2014 14:27,43.498
14/02/2014 14:27,44.694
14/02/2014 14:27,42.136
14/02/2014 14:27,40.61
14/02/2014 14:27,45.962
14/02/2014 14:27,43.154
14/02/2014 14:27,45.734
14/02/2014 14:27,42.918
14/02/2014 14:27,42.294
14/02/2014 14:27,45.516
14/02/2014 14:27,38.568
14/02/2014 14:27,49.052
14/02/2014 14:27,40.916
14/02/2014 14:27,42.562
14/02/2014 14:27,44.154
14/02/2014 14:27,38.564
14/02/2014 14:27,49.056
14/02/2014 14:27,41.374
14/02/2014 14:27,44.758
14/02/2014 14:27,43.802
14/02/2014 14:27,41.08
14/02/2014 14:27,46.452
14/02/2014 14:27,42.764
14/02/2014 14:27,43.842
14/02/2014 14:27,43.474
14/02/2014 14:27,39.742
14/02/2014 14:27,48.61
14/02/2014 14:27,42.822
14/02/2014 14:27,43.372
14/02/2014 14:27,45.07
14/02/2014 14:27,45.892
14/02/2014 14:27,43.544
14/02/2014 14:27,45.962
14/02/2014 14:27,40.306
14/02/2014 14:27,45.234
14/02/2014 14:27,42.714
14/02/2014 14:27,43.258
14/02/2014 14:27,42.206
14/02/2014 14:27,41.104
14/02/2014 14:27,44.93
14/02/2014 14:27,38.76
14/02/2014 14:27,48.454
14/02/2014 14:27,41.878
14/02/2014 14:27,42.052
14/02/2014 14:27,45.868
14/02/2014 14:27,38.886
14/02/2014 14:27,47.092
14/02/2014 14:27,43.076
14/02/2014 14:27,43.686
14/02/2014 14:27,42.942
14/02/2014 14:27,40.892
14/02/2014 14:27,47.176
14/02/2014 14:27,38.77
14/02/2014 14:27,49.116
14/02/2014 14:27,43.334
14/02/2014 14:27,41.948
14/02/2014 14:27,46.948
14/02/2014 14:27,38.874
14/02/2014 14:27,46.952
14/02/2014 14:27,42.536
14/02/2014 14:27,42.066
14/02/2014 14:27,43.478
14/02/2014 14:27,40.704
14/02/2014 14:27,46.712
14/02/2014 14:27,43.78
14/02/2014 14:27,43.642
14/02/2014 14:27,44.252
14/02/2014 14:27,40.234
14/02/2014 14:27,47.84
14/02/2014 14:27,42.934
14/02/2014 14:27,43.75
14/02/2014 14:27,42.386
14/02/2014 14:27,40.658
14/02/2014 14:27,46.222
14/02/2014 14:27,42.676
14/02/2014 14:27,43.788
14/02/2014 14:27,44.596
14/02/2014 14:27,39.366
14/02/2014 14:27,50.61
14/02/2014 14:27,41.666
14/02/2014 14:27,44.132
14/02/2014 14:27,44.038
14/02/2014 14:27,39.378
14/02/2014 14:27,46.644
14/02/2014 14:27,42.612
14/02/2014 14:27,43.602
14/02/2014 14:27,42.396
14/02/2014 14:27,40.492
14/02/2014 14:27,46.006
14/02/2014 14:27,42.724
14/02/2014 14:27,45.32
14/02/2014 14:27,42.91
14/02/2014 14:27,41.902
14/02/2014 14:27,46.724
14/02/2014 14:27,43.034
14/02/2014 14:27,43.826
14/02/2014 14:27,44.338
14/02/2014 14:27,39.86
14/02/2014 14:27,46.22
14/02/2014 14:27,43.146
14/02/2014 14:27,44.248
14/02/2014 14:27,40.728
14/02/2014 14:27,41.352
14/02/2014 14:27,49.518
14/02/2014 14:27,43.978
14/02/2014 14:27,42.606
14/02/2014 14:27,43.686
14/02/2014 14:27,38.61
14/02/2014 14:27,47.3
14/02/2014 14:27,42.816
14/02/2014 14:27,42.142
14/02/2014 14:27,44.6
14/02/2014 14:27,39.014
14/02/2014 14:27,47.444
14/02/2014 14:27,45.808
14/02/2014 14:27,43.024
14/02/2014 14:27,45.128
14/02/2014 14:27,39.578
14/02/2014 14:27,47.302
14/02/2014 14:27,43.474
14/02/2014 14:27,42.944
14/02/2014 14:27,43.3
14/02/2014 14:27,39.694
14/02/2014 14:27,48.216
14/02/2014 14:27,42.816
14/02/2014 14:27,42.288
14/02/2014 14:27,46.902
14/02/2014 14:27,38.882
14/02/2014 14:27,49.226
14/02/2014 14:27,43.498
14/02/2014 14:27,42.352
14/02/2014 14:27,44.038
14/02/2014 14:27,39.314
14/02/2014 14:27,48.944
14/02/2014 14:27,41.948
14/02/2014 14:27,43.662
14/02/2014 14:27,43.732
14/02/2014 14:27,40.046
14/02/2014 14:27,49.35
14/02/2014 14:27,43.216
14/02/2014 14:27,44.268
14/02/2014 14:27,43.32
14/02/2014 14:27,38.838
14/02/2014 14:27,47.254
14/02/2014 14:27,42.982
14/02/2014 14:27,42.296
14/02/2014 14:27,43.998
14/02/2014 14:27,38.99
14/02/2014 14:27,47.37
14/02/2014 14:27,43.326
14/02/2014 14:27,44.84
14/02/2014 14:27,45.634
14/02/2014 14:27,41.516
14/02/2014 14:27,46.848
14/02/2014 14:27,43.592
14/02/2014 14:27,43.052
14/02/2014 14:27,43.528
14/02/2014 14:27,39.836
14/02/2014 14:27,46.906
14/02/2014 14:27,43.826
14/02/2014 14:27,43.532
14/02/2014 14:27,43.372
14/02/2014 14:27,42.128
14/02/2014 14:27,46.952
14/02/2014 14:27,45.024
14/02/2014 14:27,43.206
14/02/2014 14:27,43.404
14/02/2014 14:27,39.08
14/02/2014 14:27,45.846
14/02/2014 14:27,42.09
14/02/2014 14:27,42.7
14/02/2014 14:27,44.734
14/02/2014 14:27,39.446
14/02/2014 14:27,46.924
14/02/2014 14:27,45.446
14/02/2014 14:27,42.606
14/02/2014 14:27,46.83
14/02/2014 14:27,40.094
14/02/2014 14:27,47.442
14/02/2014 14:27,43.404
14/02/2014 14:27,43.474
14/02/2014 14:27,44.158
14/02/2014 14:27,39.958
14/02/2014 14:27,50.066
14/02/2014 14:27,41.808
14/02/2014 14:27,42.35
14/02/2014 14:27,46.176
14/02/2014 14:27,39.366
14/02/2014 14:27,48.5
14/02/2014 14:27,43.428
14/02/2014 14:27,43.898
14/02/2014 14:27,42.326
14/02/2014 14:27,41.268
14/02/2014 14:27,45.236
14/02/2014 14:27,39.346
14/02/2014 14:27,49.47
14/02/2014 14:27,41.666
14/02/2014 14:27,41.76
14/02/2014 14:27,46.752
14/02/2014 14:27,39.098
14/02/2014 14:27,49.436
14/02/2014 14:27,43.92
14/02/2014 14:27,42.156
14/02/2014 14:27,45.024
14/02/2014 14:27,39.226
14/02/2014 14:27,49.414
14/02/2014 14:27,42.276
14/02/2014 14:27,40.4
14/02/2014 14:27,44.804
14/02/2014 14:27,39.672
14/02/2014 14:27,51.658
14/02/2014 14:27,42.3
14/02/2014 14:27,44.554
14/02/2014 14:27,44.582
14/02/2014 14:27,38.802
14/02/2014 14:27,49.138
14/02/2014 14:27,41.814
14/02/2014 14:27,42.348
14/02/2014 14:27,43.522
14/02/2014 14:27,38.944
14/02/2014 14:27,47.112
14/02/2014 14:27,43.686
14/02/2014 14:27,45.516
14/02/2014 14:27,43.662
14/02/2014 14:27,41.502
14/02/2014 14:27,46.76
14/02/2014 14:27,43.896
14/02/2014 14:27,44.202
14/02/2014 14:27,42.112
14/02/2014 14:27,41.672
14/02/2014 14:27,46.384
14/02/2014 14:27,43.716
14/02/2014 14:27,43.996
14/02/2014 14:27,42.432
14/02/2014 14:27,42.512
14/02/2014 14:27,44.108
14/02/2014 14:27,45.422
14/02/2014 14:27,43.616
14/02/2014 14:27,42.984
14/02/2014 14:27,40.212
14/02/2014 14:27,47.16
14/02/2014 14:27,43.568
14/02/2014 14:27,43.24
14/02/2014 14:27,42.868
14/02/2014 14:27,39.86
14/02/2014 14:27,46.784
14/02/2014 14:27,45.024
14/02/2014 14:27,43.662
14/02/2014 14:27,44.404
14/02/2014 14:27,40.846
14/02/2014 14:27,45.774
14/02/2014 14:27,43.498
14/02/2014 14:27,44.366
14/02/2014 14:27,43.192
14/02/2014 14:27,41.738
14/02/2014 14:27,44.746
14/02/2014 14:27,38.744
14/02/2014 14:27,47.016
14/02/2014 14:27,44.39
14/02/2014 14:27,41.692
14/02/2014 14:27,46.056
14/02/2014 14:27,39.226
14/02/2014 14:27,47.042
14/02/2014 14:27,43.256
14/02/2014 14:27,43.414
14/02/2014 14:27,42.488
14/02/2014 14:27,39.844
14/02/2014 14:27,46.306
14/02/2014 14:27,43.19
14/02/2014 14:27,43.81
14/02/2014 14:27,44.694
14/02/2014 14:27,41.174
14/02/2014 14:27,47.39
14/02/2014 14:27,39.298
14/02/2014 14:27,49.586
14/02/2014 14:27,43.1
14/02/2014 14:27,42.184
14/02/2014 14:27,45.022
14/02/2014 14:27,39.4
14/02/2014 14:27,48.48
14/02/2014 14:27,42.308
14/02/2014 14:27,42.112
14/02/2014 14:27,46.948
14/02/2014 14:27,38.802
14/02/2014 14:27,50.634
14/02/2014 14:27,41.552
14/02/2014 14:27,41.844
14/02/2014 14:27,45.14
14/02/2014 14:27,39.272
14/02/2014 14:27,49.47
14/02/2014 14:27,42.3
14/02/2014 14:27,40.69
14/02/2014 14:27,45.916
14/02/2014 14:27,38.944
14/02/2014 14:27,51.042
14/02/2014 14:27,41.83
14/02/2014 14:27,43.17
14/02/2014 14:27,44.508
14/02/2014 14:27,39.178
14/02/2014 14:27,47.19
14/02/2014 14:27,43.708
14/02/2014 14:27,40.916
14/02/2014 14:27,43.178
14/02/2014 14:27,40.184
14/02/2014 14:27,49.428
14/02/2014 14:27,42.23
14/02/2014 14:27,44.272
14/02/2014 14:27,43.874
14/02/2014 14:27,40.912
14/02/2014 14:27,47.678
14/02/2014 14:27,42.888
14/02/2014 14:27,42.728
14/02/2014 14:27,43.432
14/02/2014 14:27,40.024
14/02/2014 14:27,45.926
14/02/2014 14:27,44.138
14/02/2014 14:27,44.248
14/02/2014 14:27,42.87
14/02/2014 14:27,41.808
14/02/2014 14:27,46.37
14/02/2014 14:27,44.6
14/02/2014 14:27,43.356
14/02/2014 14:27,43.95
14/02/2014 14:27,39.342
14/02/2014 14:27,46.268
14/02/2014 14:27,43.356
14/02/2014 14:27,44.578
14/02/2014 14:27,42.606
14/02/2014 14:27,41.902
14/02/2014 14:27,46.262
14/02/2014 14:27,44.882
14/02/2014 14:27,44.108
14/02/2014 14:27,44.53
14/02/2014 14:27,39.734
14/02/2014 14:27,41.824
14/02/2014 14:27,38.826
14/02/2014 14:27,38.542
14/02/2014 14:27,41.512
14/02/2014 14:27,34.766
14/02/2014 14:27,43.1
14/02/2014 14:27,38.826
14/02/2014 14:27,37.206
14/02/2014 14:27,42.982
14/02/2014 14:27,35.174
14/02/2014 14:27,44.766
14/02/2014 14:27,39.766
14/02/2014 14:27,35.254
14/02/2014 14:27,42.816
14/02/2014 14:27,38.916
14/02/2014 14:27,38.724
14/02/2014 14:27,40.264
14/02/2014 14:27,36.08
14/02/2014 14:27,43.098
14/02/2014 14:27,39.096
14/02/2014 14:27,39.71
14/02/2014 14:27,41.114
14/02/2014 14:27,37.066
14/02/2014 14:27,43.428
14/02/2014 14:27,39.18
14/02/2014 14:27,35.938
14/02/2014 14:27,42.724
14/02/2014 14:27,39.35
14/02/2014 14:27,38.192
14/02/2014 14:27,40.506
14/02/2014 14:27,35.774
14/02/2014 14:27,43.686
14/02/2014 14:27,41.502
14/02/2014 14:27,35.984
14/02/2014 14:27,44.642
14/02/2014 14:27,39.34
14/02/2014 14:27,37.794
14/02/2014 14:27,40.688
14/02/2014 14:27,34.86
14/02/2014 14:27,43.45
14/02/2014 14:27,39.482
14/02/2014 14:27,34.954
14/02/2014 14:27,50.728
14/02/2014 14:27,45.892
14/02/2014 14:27,68.092
14/02/2014 14:27,37.816
14/02/2014 14:27,40.446
14/02/2014 14:27,36.878
14/02/2014 14:27,37.87
14/02/2014 14:27,37.536
14/02/2014 14:27,37.564
14/02/2014 14:27,39.296
14/02/2014 14:27,36.596
14/02/2014 14:27,38.616
14/02/2014 14:27,36.478
14/02/2014 14:27,37.394
14/02/2014 14:27,39.812
14/02/2014 14:27,37.96
14/02/2014 14:27,40.516
14/02/2014 14:27,38.01
14/02/2014 14:27,37.84
14/02/2014 14:27,37.886
14/02/2014 14:27,38.076
14/02/2014 14:27,38.24
14/02/2014 14:27,37.3
14/02/2014 14:27,40.328
14/02/2014 14:27,36.83
14/02/2014 14:27,38.458
14/02/2014 14:27,39.366
14/02/2014 14:27,38.404
14/02/2014 14:27,39.272
14/02/2014 14:27,39.062
14/02/2014 14:27,36.616
14/02/2014 14:27,37.658
14/02/2014 14:27,37.77
14/02/2014 14:27,38.428
14/02/2014 14:27,37.934
14/02/2014 14:27,37.858
14/02/2014 14:27,37.672
14/02/2014 14:27,37.7
14/02/2014 14:27,40.204
14/02/2014 14:27,38.146
14/02/2014 14:27,39.568
14/02/2014 14:27,37.746
14/02/2014 14:27,38.434
14/02/2014 14:27,37.606
14/02/2014 14:27,37.832
14/02/2014 14:27,37.816
14/02/2014 14:27,38.408
14/02/2014 14:27,37.922
14/02/2014 14:27,38.808
14/02/2014 14:27,38.116
14/02/2014 14:27,40.416
14/02/2014 14:27,38.31
14/02/2014 14:27,40.678
14/02/2014 14:27,36.666
14/02/2014 14:27,37.84
14/02/2014 14:27,38.004
14/02/2014 14:27,38.122
14/02/2014 14:27,38.192
14/02/2014 14:27,38.742
14/02/2014 14:27,37.84
14/02/2014 14:27,37.558
14/02/2014 14:27,37.794
14/02/2014 14:27,40.164
14/02/2014 14:27,38.31
14/02/2014 14:27,40.316
14/02/2014 14:27,37.768
14/02/2014 14:27,40.416
14/02/2014 14:27,37.91
14/02/2014 14:27,38.686
14/02/2014 14:27,37.046
14/02/2014 14:27,38.316
14/02/2014 14:27,37.904
14/02/2014 14:27,40.098
14/02/2014 14:27,36.836
14/02/2014 14:27,40.798
14/02/2014 14:27,37.816
14/02/2014 14:27,40.352
14/02/2014 14:27,38.076
14/02/2014 14:27,37.936
14/02/2014 14:27,37.902
14/02/2014 14:27,37.888
14/02/2014 14:27,39.06
14/02/2014 14:27,36.496
14/02/2014 14:27,38.286
14/02/2014 14:27,37.394
14/02/2014 14:27,38.088
14/02/2014 14:27,39.84
14/02/2014 14:27,38.13
14/02/2014 14:27,40.54
14/02/2014 14:27,38.192
14/02/2014 14:27,37.724
14/02/2014 14:27,38.004
14/02/2014 14:27,38.756
14/02/2014 14:27,37.042
14/02/2014 14:27,37.708
14/02/2014 14:27,39.366
14/02/2014 14:27,37.784
14/02/2014 14:27,39.084
14/02/2014 14:27,38.944
14/02/2014 14:27,38.95
14/02/2014 14:27,38.904
14/02/2014 14:27,37.982
14/02/2014 14:27,37.934
14/02/2014 14:27,38.364
14/02/2014 14:27,37.254
14/02/2014 14:27,38.868
14/02/2014 14:27,37.16
14/02/2014 14:27,37.678
14/02/2014 14:27,36.08
14/02/2014 14:27,37.652
14/02/2014 14:27,39.76
14/02/2014 14:27,38.032
14/02/2014 14:27,39.642
14/02/2014 14:27,39.108
14/02/2014 14:27,36.62
14/02/2014 14:27,38.778
14/02/2014 14:27,35.31
14/02/2014 14:27,36.818
14/02/2014 14:27,38.076
14/02/2014 14:27,39.32
14/02/2014 14:27,37.558
14/02/2014 14:27,37.84
14/02/2014 14:27,39.83
14/02/2014 14:27,39.722
14/02/2014 14:27,38.146
14/02/2014 14:27,37.7
14/02/2014 14:27,37.41
14/02/2014 14:27,37.816
14/02/2014 14:27,37.934
14/02/2014 14:27,37.746
14/02/2014 14:27,37.974
14/02/2014 14:27,37.672
14/02/2014 14:27,38.036
14/02/2014 14:27,38.76
14/02/2014 14:27,39.014
14/02/2014 14:27,38.076
14/02/2014 14:27,39.548
14/02/2014 14:27,38.218
14/02/2014 14:27,38.146
14/02/2014 14:27,38.686
14/02/2014 14:27,36.908
14/02/2014 14:27,37.682
14/02/2014 14:27,38.216
14/02/2014 14:27,38.708
14/02/2014 14:27,38.132
14/02/2014 14:27,38.38
14/02/2014 14:27,39.672
14/02/2014 14:27,38.476
14/02/2014 14:27,39.294
14/02/2014 14:27,38.826
14/02/2014 14:27,37.042
14/02/2014 14:27,38.968
14/02/2014 14:27,36.76
14/02/2014 14:27,37.816
14/02/2014 14:27,38.616
14/02/2014 14:27,37.37
14/02/2014 14:27,38.802
14/02/2014 14:27,37.206
14/02/2014 14:27,40.254
14/02/2014 14:27,38.076
14/02/2014 14:27,40.2
14/02/2014 14:27,38.092
14/02/2014 14:27,38.262
14/02/2014 14:27,37.536
14/02/2014 14:27,38.638
14/02/2014 14:27,36.826
14/02/2014 14:27,38.148
14/02/2014 14:27,38.54
14/02/2014 14:27,38.65
14/02/2014 14:27,38.098
14/02/2014 14:27,40.704
14/02/2014 14:27,38.122
14/02/2014 14:27,40.026
14/02/2014 14:27,38.262
14/02/2014 14:27,37.512
14/02/2014 14:27,38.334
14/02/2014 14:27,37.676
14/02/2014 14:27,38.332
14/02/2014 14:27,37.816
14/02/2014 14:27,37.936
14/02/2014 14:27,37.964
14/02/2014 14:27,38.138
14/02/2014 14:27,40.392
14/02/2014 14:27,38.356
14/02/2014 14:27,39.856
14/02/2014 14:27,38.686
14/02/2014 14:27,38.136
14/02/2014 14:27,37.488
14/02/2014 14:27,37.696
14/02/2014 14:27,37.816
14/02/2014 14:27,38.286
14/02/2014 14:27,38.198
14/02/2014 14:27,39.868
14/02/2014 14:27,37.348
14/02/2014 14:27,41.362
14/02/2014 14:27,37.77
14/02/2014 14:27,39.178
14/02/2014 14:27,37.816
14/02/2014 14:27,38.004
14/02/2014 14:27,37.562
14/02/2014 14:27,38.052
14/02/2014 14:27,37.63
14/02/2014 14:27,38.714
14/02/2014 14:27,35.974
14/02/2014 14:27,37.934
14/02/2014 14:27,38.454
14/02/2014 14:27,39.154
14/02/2014 14:27,38.742
14/02/2014 14:27,39.094
14/02/2014 14:27,38.592
14/02/2014 14:27,37.206
14/02/2014 14:27,38.726
14/02/2014 14:27,37.87
14/02/2014 14:27,37.888
14/02/2014 14:27,39.436
14/02/2014 14:27,36.4
14/02/2014 14:27,38.662
14/02/2014 14:27,37.91
14/02/2014 14:27,40.54
14/02/2014 14:27,37.606
14/02/2014 14:27,40.142
14/02/2014 14:27,37.348
14/02/2014 14:27,38.544
14/02/2014 14:27,36.714
14/02/2014 14:27,37.724
14/02/2014 14:27,37.9
14/02/2014 14:27,37.84
14/02/2014 14:27,38.17
14/02/2014 14:27,37.676
14/02/2014 14:27,37.588
14/02/2014 14:27,41.22
14/02/2014 14:27,36.824
14/02/2014 14:27,40.822
14/02/2014 14:27,37.24
14/02/2014 14:27,37.724
14/02/2014 14:27,37.746
14/02/2014 14:27,39.484
14/02/2014 14:27,36.744
14/02/2014 14:27,37.724
14/02/2014 14:27,38.004
14/02/2014 14:27,38.762
14/02/2014 14:27,37.958
14/02/2014 14:27,39.886
14/02/2014 14:27,38.474
14/02/2014 14:27,40.376
14/02/2014 14:27,37.3
14/02/2014 14:27,38.146
14/02/2014 14:27,37.112
14/02/2014 14:27,38.266
14/02/2014 14:27,37.394
14/02/2014 14:27,38.916
14/02/2014 14:27,36.76
14/02/2014 14:27,39.062
14/02/2014 14:27,36.902
14/02/2014 14:27,39.508
14/02/2014 14:27,38.756
14/02/2014 14:27,38.968
14/02/2014 14:27,39.342
14/02/2014 14:27,37.09
14/02/2014 14:27,38.682
14/02/2014 14:27,37.214
14/02/2014 14:27,37.582
14/02/2014 14:27,38.246
14/02/2014 14:27,38.262
14/02/2014 14:27,38.532
14/02/2014 14:27,38.192
14/02/2014 14:27,39.296
14/02/2014 14:27,38.162
14/02/2014 14:27,39.128
14/02/2014 14:27,37.944
14/02/2014 14:27,37.512
14/02/2014 14:27,38.992
14/02/2014 14:27,36.582
14/02/2014 14:27,37.724
14/02/2014 14:27,37.934
14/02/2014 14:27,37.91
14/02/2014 14:27,37.77
14/02/2014 14:27,38.262
14/02/2014 14:27,39.154
14/02/2014 14:27,38.356
14/02/2014 14:27,39.456
14/02/2014 14:27,38.622
14/02/2014 14:27,37.474
14/02/2014 14:27,38.034
14/02/2014 14:27,38.462
14/02/2014 14:27,36.756
14/02/2014 14:27,38.05
14/02/2014 14:27,37.84
14/02/2014 14:27,37.91
14/02/2014 14:27,38.004
14/02/2014 14:27,40.234
14/02/2014 14:27,38.122
14/02/2014 14:27,39.484
14/02/2014 14:27,38.044
14/02/2014 14:27,38.732
14/02/2014 14:27,37.582
14/02/2014 14:27,37.29
14/02/2014 14:27,38.356
14/02/2014 14:27,38.46
14/02/2014 14:27,36.972
14/02/2014 14:27,38.732
14/02/2014 14:27,36.67
14/02/2014 14:27,40.454
14/02/2014 14:27,36.572
14/02/2014 14:27,40.894
14/02/2014 14:27,36.644
14/02/2014 14:27,38.004
14/02/2014 14:27,38.098
14/02/2014 14:27,37.746
14/02/2014 14:27,37.802
14/02/2014 14:27,38.262
14/02/2014 14:27,38.562
14/02/2014 14:27,39.21
14/02/2014 14:27,37.508
14/02/2014 14:27,40.752
14/02/2014 14:27,37.746
14/02/2014 14:27,40.618
14/02/2014 14:27,37.75
14/02/2014 14:27,38.356
14/02/2014 14:27,35.278
14/02/2014 14:27,38.146
14/02/2014 14:27,37.95
14/02/2014 14:27,38.31
14/02/2014 14:27,38.808
14/02/2014 14:27,37.912
14/02/2014 14:27,36.93
14/02/2014 14:27,39.862
14/02/2014 14:27,38.004
14/02/2014 14:27,39.312
14/02/2014 14:27,36.268
14/02/2014 14:27,37.612
14/02/2014 14:27,37.888
14/02/2014 14:27,38.356
14/02/2014 14:27,37.802
14/02/2014 14:27,38.056
14/02/2014 14:27,38.802
14/02/2014 14:27,39.132
14/02/2014 14:27,38.636
14/02/2014 14:27,39.954
14/02/2014 14:27,38.788
14/02/2014 14:27,40.056
14/02/2014 14:27,38.708
14/02/2014 14:27,35.93
14/02/2014 14:27,36.806
14/02/2014 14:27,37.376
14/02/2014 14:27,37.864
14/02/2014 14:27,37.966
14/02/2014 14:27,37.746
14/02/2014 14:27,37.652
14/02/2014 14:27,38.05
14/02/2014 14:27,40
14/02/2014 14:27,38.028
14/02/2014 14:27,39.554
14/02/2014 14:27,37.864
14/02/2014 14:27,39.954
14/02/2014 14:27,37.794
14/02/2014 14:27,36.254
14/02/2014 14:27,37.254
14/02/2014 14:27,37.068
14/02/2014 14:27,38.968
14/02/2014 14:27,37.512
14/02/2014 14:27,39.33
14/02/2014 14:27,38.78
14/02/2014 14:27,38.896
14/02/2014 14:27,38.942
14/02/2014 14:27,38.11
14/02/2014 14:27,37.998
14/02/2014 14:27,38.92
14/02/2014 14:27,36.954
14/02/2014 14:27,37.964
14/02/2014 14:27,37.276
14/02/2014 14:27,38.686
14/02/2014 14:27,37.23
14/02/2014 14:27,37.504
14/02/2014 14:27,39.418
14/02/2014 14:27,37.906
14/02/2014 14:27,39.414
14/02/2014 14:27,38.462
14/02/2014 14:27,37.668
14/02/2014 14:27,38.458
14/02/2014 14:27,37.336
14/02/2014 14:27,38.504
14/02/2014 14:27,37.276
14/02/2014 14:27,39.6
14/02/2014 14:27,37.254
14/02/2014 14:27,38.028
14/02/2014 14:27,40.094
14/02/2014 14:27,38.122
14/02/2014 14:27,39.65
14/02/2014 14:27,38.92
14/02/2014 14:27,36.808
14/02/2014 14:27,37.44
14/02/2014 14:27,37.976
14/02/2014 14:27,39.064
14/02/2014 14:27,36.808
14/02/2014 14:27,37.554
14/02/2014 14:27,38.83
14/02/2014 14:27,36.572
14/02/2014 14:27,39.912
14/02/2014 14:27,38.076
14/02/2014 14:27,40.234
14/02/2014 14:27,37.624
14/02/2014 14:27,38.616
14/02/2014 14:27,38.366
14/02/2014 14:27,37.254
14/02/2014 14:27,37.536
14/02/2014 14:27,38.122
14/02/2014 14:27,37.794
14/02/2014 14:27,38.99
14/02/2014 14:27,37.77
14/02/2014 14:27,40.354
14/02/2014 14:27,37.888
14/02/2014 14:27,39.97
14/02/2014 14:27,37.676
14/02/2014 14:27,38.45
14/02/2014 14:27,37.09
14/02/2014 14:27,38.686
14/02/2014 14:27,37.276
14/02/2014 14:27,39.794
14/02/2014 14:27,37.112
14/02/2014 14:27,38.072
14/02/2014 14:27,38.238
14/02/2014 14:27,40.774
14/02/2014 14:27,37.494
14/02/2014 14:27,40.518
14/02/2014 14:27,38.004
14/02/2014 14:27,38.474
14/02/2014 14:27,37.324
14/02/2014 14:27,38.99
14/02/2014 14:27,36.808
14/02/2014 14:27,38.098
14/02/2014 14:27,38.478
14/02/2014 14:27,39.456
14/02/2014 14:27,38.316
14/02/2014 14:27,39.766
14/02/2014 14:27,38.028
14/02/2014 14:27,39.776
14/02/2014 14:27,37.84
14/02/2014 14:27,38.14
14/02/2014 14:27,38.146
14/02/2014 14:27,37.794
14/02/2014 14:27,38.732
14/02/2014 14:27,37.934
14/02/2014 14:27,37.788
14/02/2014 14:27,37.916
14/02/2014 14:27,36.81
14/02/2014 14:27,39.954
14/02/2014 14:27,37.958
14/02/2014 14:27,39.61
14/02/2014 14:27,38.098
14/02/2014 14:27,38.016
14/02/2014 14:27,37.676
14/02/2014 14:27,37.816
14/02/2014 14:27,37.746
14/02/2014 14:27,39.084
14/02/2014 14:27,37.004
14/02/2014 14:27,38.662
14/02/2014 14:27,38.052
14/02/2014 14:27,39.918
14/02/2014 14:27,38.356
14/02/2014 14:27,39.742
14/02/2014 14:27,37.926
14/02/2014 14:27,36.314
14/02/2014 14:27,38.076
14/02/2014 14:27,38.146
14/02/2014 14:27,37.864
14/02/2014 14:27,37.77
14/02/2014 14:27,38.616
14/02/2014 14:27,37.142
14/02/2014 14:27,38.31
14/02/2014 14:27,40.304
14/02/2014 14:27,38.216
14/02/2014 14:27,40.046
14/02/2014 14:27,38.192
14/02/2014 14:27,38.968
14/02/2014 14:27,37.724
14/02/2014 14:27,37.79
14/02/2014 14:27,37.77
14/02/2014 14:27,38.192
14/02/2014 14:27,39.418
14/02/2014 14:27,37.572
14/02/2014 14:27,38.216
14/02/2014 14:27,40.33
14/02/2014 14:27,38.792
14/02/2014 14:27,40.162
14/02/2014 14:27,38.498
14/02/2014 14:27,38.076
14/02/2014 14:27,37.982
14/02/2014 14:27,37.874
14/02/2014 14:27,37.888
14/02/2014 14:27,38.072
14/02/2014 14:27,37.278
14/02/2014 14:27,38.262
14/02/2014 14:27,36.938
14/02/2014 14:27,39.906
14/02/2014 14:27,37.37
14/02/2014 14:27,41.142
14/02/2014 14:27,36.832
14/02/2014 14:27,38.24
14/02/2014 14:27,36.864
14/02/2014 14:27,37.888
14/02/2014 14:27,37.09
14/02/2014 14:27,38.076
14/02/2014 14:27,38.638
14/02/2014 14:27,39.108
14/02/2014 14:27,38.78
14/02/2014 14:27,39.084
14/02/2014 14:27,37.934
14/02/2014 14:27,39.548
14/02/2014 14:27,37.464
14/02/2014 14:27,37.786
14/02/2014 14:27,37.536
14/02/2014 14:27,37.578
14/02/2014 14:27,37.562
14/02/2014 14:27,37.676
14/02/2014 14:27,37.806
14/02/2014 14:27,37.536
14/02/2014 14:27,37.216
14/02/2014 14:27,39.178
14/02/2014 14:27,38.076
14/02/2014 14:27,39.778
14/02/2014 14:27,38.178
14/02/2014 14:27,37.888
14/02/2014 14:27,37.864
14/02/2014 14:27,37.82
14/02/2014 14:27,38.99
14/02/2014 14:27,37.112
14/02/2014 14:27,37.488
14/02/2014 14:27,39.308
14/02/2014 14:27,37.442
14/02/2014 14:27,40.68
14/02/2014 14:27,37.252
14/02/2014 14:27,40.028
14/02/2014 14:27,37.934
14/02/2014 14:27,37.686
14/02/2014 14:27,39.794
14/02/2014 14:27,35.596
14/02/2014 14:27,37.722
14/02/2014 14:27,38.31
14/02/2014 14:27,38.666
14/02/2014 14:27,36.572
14/02/2014 14:27,37.888
14/02/2014 14:27,40.61
14/02/2014 14:27,37.706
14/02/2014 14:27,40.376
14/02/2014 14:27,37.698
14/02/2014 14:27,38.146
14/02/2014 14:27,37.746
14/02/2014 14:27,38.662
14/02/2014 14:27,36.76
14/02/2014 14:27,36.972
14/02/2014 14:27,38.522
14/02/2014 14:27,39.456
14/02/2014 14:27,38.286
14/02/2014 14:27,39.882
14/02/2014 14:27,38.098
14/02/2014 14:27,39.788
14/02/2014 14:27,37.954
14/02/2014 14:27,38.002
14/02/2014 14:27,37.864
14/02/2014 14:27,37.652
14/02/2014 14:27,39.014
14/02/2014 14:27,36.598
14/02/2014 14:27,39.018
14/02/2014 14:27,36.456
14/02/2014 14:27,37.888
14/02/2014 14:27,39.68
14/02/2014 14:27,37.91
14/02/2014 14:27,40.328
14/02/2014 14:27,38.052
14/02/2014 14:27,37.934
14/02/2014 14:27,37.558
14/02/2014 14:27,37.864
14/02/2014 14:27,37.512
14/02/2014 14:27,37.77
14/02/2014 14:27,38.144
14/02/2014 14:27,38.262
14/02/2014 14:27,38.012
14/02/2014 14:27,39.812
14/02/2014 14:27,38.286
14/02/2014 14:27,39.94
14/02/2014 14:27,37.794
14/02/2014 14:27,37.578
14/02/2014 14:27,37.91
14/02/2014 14:27,38.2
14/02/2014 14:27,37.16
14/02/2014 14:27,37.982
14/02/2014 14:27,37.434
14/02/2014 14:27,37.746
14/02/2014 14:27,37.77
14/02/2014 14:27,40.094
14/02/2014 14:27,37.884
14/02/2014 14:27,40.256
14/02/2014 14:27,37.91
14/02/2014 14:27,38.334
14/02/2014 14:27,37.42
14/02/2014 14:27,37.934
14/02/2014 14:27,37.746
14/02/2014 14:27,38.508
14/02/2014 14:27,37.582
14/02/2014 14:27,38.944
14/02/2014 14:27,37.438
14/02/2014 14:27,40.902
14/02/2014 14:27,37.3
14/02/2014 14:27,40.634
14/02/2014 14:27,36.924
14/02/2014 14:27,36.496
14/02/2014 14:27,38.014
14/02/2014 14:27,37.816
14/02/2014 14:27,37.724
14/02/2014 14:27,37.742
14/02/2014 14:27,38.004
14/02/2014 14:27,37.354
14/02/2014 14:27,38.104
14/02/2014 14:27,39.858
14/02/2014 14:27,37.718
14/02/2014 14:27,39.748
14/02/2014 14:27,37.84
14/02/2014 14:27,38.146
14/02/2014 14:27,37.958
14/02/2014 14:27,38.004
14/02/2014 14:27,38.164
14/02/2014 14:27,38.57
14/02/2014 14:27,38.708
14/02/2014 14:27,39.084
14/02/2014 14:27,37.084
14/02/2014 14:27,40.046
14/02/2014 14:27,38.14
14/02/2014 14:27,39.978
14/02/2014 14:27,38.122
14/02/2014 14:27,38.012
14/02/2014 14:27,37.816
14/02/2014 14:27,37.84
14/02/2014 14:27,38.198
14/02/2014 14:27,37.816
14/02/2014 14:27,37.594
14/02/2014 14:27,37.594
14/02/2014 14:27,38.276
14/02/2014 14:27,39.842
14/02/2014 14:27,37.844
14/02/2014 14:27,39.698
14/02/2014 14:27,38.252
14/02/2014 14:27,37.536
14/02/2014 14:27,38.498
14/02/2014 14:27,37.348
14/02/2014 14:27,38.024
14/02/2014 14:27,40.234
14/02/2014 14:27,39.154
14/02/2014 14:27,38.052
14/02/2014 14:27,38.988
14/02/2014 14:27,39.922
14/02/2014 14:27,38.002
14/02/2014 14:27,39.578
14/02/2014 14:27,38.098
14/02/2014 14:27,37.68
14/02/2014 14:27,38.286
14/02/2014 14:27,37.278
14/02/2014 14:27,37.816
14/02/2014 14:27,37.582
14/02/2014 14:27,37.652
14/02/2014 14:27,38.592
14/02/2014 14:27,36.876
14/02/2014 14:27,39.296
14/02/2014 14:27,38.426
14/02/2014 14:27,39.108
14/02/2014 14:27,38.052
14/02/2014 14:27,37.512
14/02/2014 14:27,38.098
14/02/2014 14:27,37.484
14/02/2014 14:27,38.336
14/02/2014 14:27,37.37
14/02/2014 14:27,39.04
14/02/2014 14:27,37.686
14/02/2014 14:27,37.864
14/02/2014 14:27,40.048
14/02/2014 14:27,38.052
14/02/2014 14:27,39.694
14/02/2014 14:27,38.192
14/02/2014 14:27,37.934
14/02/2014 14:27,37.794
14/02/2014 14:27,39.076
14/02/2014 14:27,36.408
14/02/2014 14:27,38.592
14/02/2014 14:27,37.016
14/02/2014 14:27,37.958
14/02/2014 14:27,37.982
14/02/2014 14:27,40.372
14/02/2014 14:27,38.052
14/02/2014 14:27,38.45
14/02/2014 14:27,38.286
14/02/2014 14:27,39.132
14/02/2014 14:27,36.996
14/02/2014 14:27,37.536
14/02/2014 14:27,39.024
14/02/2014 14:27,36.76
14/02/2014 14:27,38.086
14/02/2014 14:27,38.188
14/02/2014 14:27,38.436
14/02/2014 14:27,39.954
14/02/2014 14:27,38.24
14/02/2014 14:27,41.936
14/02/2014 14:27,35.61
14/02/2014 14:27,37.746
14/02/2014 14:27,38.216
14/02/2014 14:27,38.85
14/02/2014 14:27,36.858
14/02/2014 14:27,38.356
14/02/2014 14:27,37.19
14/02/2014 14:27,38.076
14/02/2014 14:27,37.418
14/02/2014 14:27,38.826
14/02/2014 14:27,36.958
14/02/2014 14:27,40.492
14/02/2014 14:27,37.248
14/02/2014 14:27,38.44
14/02/2014 14:27,37.394
14/02/2014 14:27,38.286
14/02/2014 14:27,37.414
14/02/2014 14:27,38.948
14/02/2014 14:27,37.15
14/02/2014 14:27,38.696
14/02/2014 14:27,38.004
14/02/2014 14:27,39.86
14/02/2014 14:27,37.036
14/02/2014 14:27,39.86
14/02/2014 14:27,37.794
14/02/2014 14:27,38.45
14/02/2014 14:27,38.166
14/02/2014 14:27,38.38
14/02/2014 14:27,37.982
14/02/2014 14:27,38.616
14/02/2014 14:27,37.442
14/02/2014 14:27,37.652
14/02/2014 14:27,36.678
14/02/2014 14:27,39.6
14/02/2014 14:27,39.154
14/02/2014 14:27,38.494
14/02/2014 14:27,38.684
14/02/2014 14:27,36.784
14/02/2014 14:27,38.498
14/02/2014 14:27,35.376
14/02/2014 14:27,38.462
14/02/2014 14:27,37.504
14/02/2014 14:27,38.848
14/02/2014 14:27,38.752
14/02/2014 14:27,38.068
14/02/2014 14:27,40.556
14/02/2014 14:27,37.77
14/02/2014 14:27,40.916
14/02/2014 14:27,37.324
14/02/2014 14:27,38.44
14/02/2014 14:27,37.37
14/02/2014 14:27,37.7
14/02/2014 14:27,37.864
14/02/2014 14:27,37.91
14/02/2014 14:27,38.226
14/02/2014 14:27,36.91
14/02/2014 14:27,38.642
14/02/2014 14:27,39.038
14/02/2014 14:27,38.944
14/02/2014 14:27,38.826
14/02/2014 14:27,38.122
14/02/2014 14:27,37.888
14/02/2014 14:27,37.958
14/02/2014 14:27,37.206
14/02/2014 14:27,38.428
14/02/2014 14:27,36.858
14/02/2014 14:27,38.052
14/02/2014 14:27,38.31
14/02/2014 14:27,37.816
14/02/2014 14:27,39.836
14/02/2014 14:27,38.64
14/02/2014 14:27,38.86
14/02/2014 14:27,37.816
14/02/2014 14:27,37.794
14/02/2014 14:27,37.7
14/02/2014 14:27,37.49
14/02/2014 14:27,38.644
14/02/2014 14:27,37.3
14/02/2014 14:27,38.56
14/02/2014 14:27,36.924
14/02/2014 14:27,38.122
14/02/2014 14:27,39.342
14/02/2014 14:27,40
14/02/2014 14:27,37.84
14/02/2014 14:27,37.756
14/02/2014 14:27,37.8
14/02/2014 14:27,37.724
14/02/2014 14:27,38.004
14/02/2014 14:27,39.318
14/02/2014 14:27,36.972
14/02/2014 14:27,38.216
14/02/2014 14:27,38.474
14/02/2014 14:27,38.188
14/02/2014 14:27,39.946
14/02/2014 14:27,38.356
14/02/2014 14:27,39.788
14/02/2014 14:27,38.004
14/02/2014 14:27,38.184
14/02/2014 14:27,38.24
14/02/2014 14:27,37.666
14/02/2014 14:27,38.78
14/02/2014 14:27,37.418
14/02/2014 14:27,38.944
14/02/2014 14:27,37.292
14/02/2014 14:27,37.412
14/02/2014 14:27,40.152
14/02/2014 14:27,38.076
14/02/2014 14:27,39.672
14/02/2014 14:27,38.262
14/02/2014 14:27,37.308
14/02/2014 14:27,39.23
14/02/2014 14:27,36.534
14/02/2014 14:27,38.958
14/02/2014 14:27,37.536
14/02/2014 14:27,37.838
14/02/2014 14:27,38.85
14/02/2014 14:27,37.84
14/02/2014 14:27,40.234
14/02/2014 14:27,38.288
14/02/2014 14:27,40.164
14/02/2014 14:27,38.662
14/02/2014 14:27,37.784
14/02/2014 14:27,37.694
14/02/2014 14:27,38.128
14/02/2014 14:27,38.078
14/02/2014 14:27,38.356
14/02/2014 14:27,37.472
14/02/2014 14:27,38.192
14/02/2014 14:27,37.724
14/02/2014 14:27,39.954
14/02/2014 14:27,38.404
14/02/2014 14:27,40.118
14/02/2014 14:27,37.956
14/02/2014 14:27,38.64
14/02/2014 14:27,37.214
14/02/2014 14:27,37.77
14/02/2014 14:27,37.498
14/02/2014 14:27,38.098
14/02/2014 14:27,39.062
14/02/2014 14:27,37.554
14/02/2014 14:27,39.484
14/02/2014 14:27,38.85
14/02/2014 14:27,38.146
14/02/2014 14:27,39.672
14/02/2014 14:27,37.77
14/02/2014 14:27,39.086
14/02/2014 14:27,36.926
14/02/2014 14:27,38.386
14/02/2014 14:27,37.644
14/02/2014 14:27,38.122
14/02/2014 14:27,37.676
14/02/2014 14:27,38.146
14/02/2014 14:27,37.588
14/02/2014 14:27,39.53
14/02/2014 14:27,38.17
14/02/2014 14:27,39.578
14/02/2014 14:27,38.098
14/02/2014 14:27,38.69
14/02/2014 14:27,36.842
14/02/2014 14:27,38.568
14/02/2014 14:27,36.712
14/02/2014 14:27,38.852
14/02/2014 14:27,37.378
14/02/2014 14:27,37.654
14/02/2014 14:27,37.182
14/02/2014 14:27,41.052
14/02/2014 14:27,37.558
14/02/2014 14:27,40.118
14/02/2014 14:27,37.934
14/02/2014 14:27,37.782
14/02/2014 14:27,37.724
14/02/2014 14:27,37.75
14/02/2014 14:27,38.85
14/02/2014 14:27,36.924
14/02/2014 14:27,38.386
14/02/2014 14:27,37.418
14/02/2014 14:27,39.014
14/02/2014 14:27,39.508
14/02/2014 14:27,38.662
14/02/2014 14:27,39.718
14/02/2014 14:27,38.004
14/02/2014 14:27,37.558
14/02/2014 14:27,37.864
14/02/2014 14:27,37.37
14/02/2014 14:27,37.794
14/02/2014 14:27,39.014
14/02/2014 14:27,37.192
14/02/2014 14:27,38.498
14/02/2014 14:27,38.256
14/02/2014 14:27,39.934
14/02/2014 14:27,38.286
14/02/2014 14:27,40.822
14/02/2014 14:27,37.076
14/02/2014 14:27,38.658
14/02/2014 14:27,37.018
14/02/2014 14:27,37.724
14/02/2014 14:27,37.736
14/02/2014 14:27,37.91
14/02/2014 14:27,38.826
14/02/2014 14:27,36.972
14/02/2014 14:27,38.506
14/02/2014 14:27,39.038
14/02/2014 14:27,37.512
14/02/2014 14:27,39.408
14/02/2014 14:27,38.314
14/02/2014 14:27,37.698
14/02/2014 14:27,37.954
14/02/2014 14:27,38.244
14/02/2014 14:27,37.77
14/02/2014 14:27,37.906
14/02/2014 14:27,38.686
14/02/2014 14:27,37.794
14/02/2014 14:27,38.71
14/02/2014 14:27,39.126
14/02/2014 14:27,38.602
14/02/2014 14:27,38.72
14/02/2014 14:27,38.24
14/02/2014 14:27,37.066
14/02/2014 14:27,37.63
14/02/2014 14:27,37.508
14/02/2014 14:27,38.08
14/02/2014 14:27,38.04
14/02/2014 14:27,38.686
14/02/2014 14:27,36.526
14/02/2014 14:27,37.746
14/02/2014 14:27,39.906
14/02/2014 14:27,38.052
14/02/2014 14:27,39.812
14/02/2014 14:27,37.86
14/02/2014 14:27,37.788
14/02/2014 14:27,37.574
14/02/2014 14:27,38.85
14/02/2014 14:27,39.296
14/02/2014 14:27,37.63
14/02/2014 14:27,38.114
14/02/2014 14:27,39.328
14/02/2014 14:27,37.532
14/02/2014 14:27,40.598
14/02/2014 14:27,37.706
14/02/2014 14:27,40.114
14/02/2014 14:27,36.944
14/02/2014 14:27,39.326
14/02/2014 14:27,36.856
14/02/2014 14:27,37.7
14/02/2014 14:27,37.582
14/02/2014 14:27,37.786
14/02/2014 14:27,37.84
14/02/2014 14:27,38.168
14/02/2014 14:27,37.464
14/02/2014 14:27,40.024
14/02/2014 14:27,37.672
14/02/2014 14:27,40.234
14/02/2014 14:27,37.582
14/02/2014 14:27,38.648
14/02/2014 14:27,37.536
14/02/2014 14:27,38.686
14/02/2014 14:27,37.7
14/02/2014 14:27,37.888
14/02/2014 14:27,38.44
14/02/2014 14:27,38.74
14/02/2014 14:27,37.958
14/02/2014 14:27,40.02
14/02/2014 14:27,38.948
14/02/2014 14:27,38.864
14/02/2014 14:27,37.91
14/02/2014 14:27,37.816
14/02/2014 14:27,37.842
14/02/2014 14:27,37.844
14/02/2014 14:27,38.142
14/02/2014 14:27,37.84
14/02/2014 14:27,38.16
14/02/2014 14:27,37.676
14/02/2014 14:27,39.436
14/02/2014 14:27,38.028
14/02/2014 14:27,37.986
14/02/2014 14:27,39.62
14/02/2014 14:27,38.146
14/02/2014 14:27,38.17
14/02/2014 14:27,36.792
14/02/2014 14:27,38.616
14/02/2014 14:27,36.882
14/02/2014 14:27,38.028
14/02/2014 14:27,38.686
14/02/2014 14:27,39.746
14/02/2014 14:27,37.16
14/02/2014 14:27,40.752
14/02/2014 14:27,37.394
14/02/2014 14:27,40.478
14/02/2014 14:27,37.766
14/02/2014 14:27,38.314
14/02/2014 14:27,37.764
14/02/2014 14:27,37.934
14/02/2014 14:27,37.742
14/02/2014 14:27,38.428
14/02/2014 14:27,37.77
14/02/2014 14:27,37.91
14/02/2014 14:27,37.958
14/02/2014 14:27,40.4
14/02/2014 14:27,37.606
14/02/2014 14:27,40.586
14/02/2014 14:27,37.816
14/02/2014 14:27,38.732
14/02/2014 14:27,37.256
14/02/2014 14:27,38.638
14/02/2014 14:27,36.596
14/02/2014 14:27,38.192
14/02/2014 14:27,38.428
14/02/2014 14:27,38.524
14/02/2014 14:27,38.38
14/02/2014 14:27,40.362
14/02/2014 14:27,38.028
14/02/2014 14:27,39.554
14/02/2014 14:27,38.086
14/02/2014 14:27,37.864
14/02/2014 14:27,37.694
14/02/2014 14:27,38.052
14/02/2014 14:27,38.004
14/02/2014 14:27,38.052
14/02/2014 14:27,37.798
14/02/2014 14:27,37.672
14/02/2014 14:27,38.264
14/02/2014 14:27,40.312
14/02/2014 14:27,37.558
14/02/2014 14:27,40.684
14/02/2014 14:27,37.558
14/02/2014 14:27,38.24
14/02/2014 14:27,37.632
14/02/2014 14:27,37.746
14/02/2014 14:27,38.004
14/02/2014 14:27,39.718
14/02/2014 14:27,37.7
14/02/2014 14:27,39.27
14/02/2014 14:27,37.582
14/02/2014 14:27,39.93
14/02/2014 14:27,38.77
14/02/2014 14:27,38.868
14/02/2014 14:27,38.972
14/02/2014 14:27,36.568
14/02/2014 14:27,38.198
14/02/2014 14:27,38.114
14/02/2014 14:27,37.856
14/02/2014 14:27,37.884
14/02/2014 14:27,37.704
14/02/2014 14:27,37.858
14/02/2014 14:27,37.914
14/02/2014 14:27,39.66
14/02/2014 14:27,38.286
14/02/2014 14:27,39.712
14/02/2014 14:27,39.108
14/02/2014 14:27,37.056
14/02/2014 14:27,38.708
14/02/2014 14:27,36.714
14/02/2014 14:27,38.666
14/02/2014 14:27,37.206
14/02/2014 14:27,38.334
14/02/2014 14:27,39.554
14/02/2014 14:27,37.09
14/02/2014 14:27,39.878
14/02/2014 14:27,38.474
14/02/2014 14:27,40.352
14/02/2014 14:27,37.912
14/02/2014 14:27,38.458
14/02/2014 14:27,37.718
